견적코드,0,1,2,3,4,5,6,7,8,9,10,11,12,13,14,15,16,17,18,19,20,21,22,23,24,25,998,순번
4DD466CA23B3E04882510F896D5925BD,,4,,,,HP Z8 타워 워크스테이션 G5 Fury IDS,,,,,있음,,1,"21,446,304",55.24,"9,600,000","9,600,000",,"9,600,000",,,,,,,,"Windows 11 Pro 64 for Workstations 6 Cores Plus
OS Localization
Intel Xeon W7-3445 4.60G 52.5 MB 20 cores 270W CPU
128GB (4x32GB) DDR5 4800 DIMM ECC REG 1CPU Memory
NVIDIA RTX A4500 20 GB GDDR6 4DP Graphics
HP DP to HDMI 2.0
Operating System Load to M.2
Z Turbo 1TB PCIe-4x4 2280 TLC M.2 Solid State Drive
HP USB 320K Keyboard
HP Wired 320M Mouse
9.5mm DVD-Writer 1st ODD
Type-A SuperSpeed USB 5Gbps Front IO v2 Entry Module
2250W EPA90 Power Supply(전원이중화)
Z8 Country Kit
C13 Sticker Conventional Straight x2 Desktop Workstations Power Cord
1/1/1 (material/labor/onsite) Warranty
Single Unit (Tower) Packaging
1/1/1 TWR Label
HP 3년 Onsite Care 워크스테이션 하드웨어 지원",0
5F6C95FFBCDA4941896C1E5EDE6CAB37,,1,01.SolidWorks 관련,DraftSight,DraftSight,DraftSight Enterprise (네트워크 라이선스),,,,,있음,,1,,,"900,000","900,000",,"900,000",,,,,,,," - 기존 보유한 라이선스에 추가 조건
 - 유지보수 계약기간: 1년",0
5F6C95FFBCDA4941896C1E5EDE6CAB37,,,,,,,,,,,,,,,,,,,,,,,,,,,,1
5F6C95FFBCDA4941896C1E5EDE6CAB37,,2,,,,Draftsight Enterpirse 유지보수 갱신,,,,,있음,,2,,,"262,500",525000,,"525,000",,,,,,,," - 기존 보유중인 라이선스 정보
   # S/N: 9010 0504 3365 0231 SZC3 Q2GH
   # 유지보수 만료일: 2024.06.30 (3개월 남음)
   # 신규 라이선스 구매 시 유지보수 만료일 동일하게 구성 필요
   # 비용 산출 내역
     a. 유지보수 갱신 기간: 9개월 (2025년 03월) 
     b. Draftsight ENT 1년 유지보수 갱신 비용: 350,000원 (1copy 당)
     @ 비용 산출= 350,000원 x 9/12 개월 =  262,500 원 (1copy 당)",2
695050173DF90C4FAE6C21A810644B70,,1,01.SolidWorks 관련,Dassault Systemes SolidWorks Corp.,SOLIDWORKS,SOLIDWORKS Professional Network with Cloud Services,software,Licence,,Seat,있음,Seat,2,"12,558,000",2.05,"12,300,000","24,600,000",,"24,600,000",,,,,,,," - SOLIDWORKS Design Software (Part, Assembly, Drawing)
 - Sheetmetal Design Module (판금)
 - Surface Design Module (곡면 모델링)
 - SOLIDWORKSs Explorer
 - Simulation XPress (단품 구조해석)
 - Flow XPress (유동의 흐름 Viewing)
 - DFM XPress (가공 시 에러 발생 부분 분석)
 - DriveWorks XPress (유사한 제품 시리즈 생성)
 - Physical Simulation and Animation (동영상 제작)
 - SOLIDWORKS eDrawings
 - SOLIDWORKS Utilities (데이타 비교)
 - FeatureWorks (작업 이력 생성)
 - 3D 파단도
 - 3D Instant Website (웹게시판)
 - SOLIDWORKS eDrawings Professional
 - SOLIDWORKS Toolbox (라이브러리)
 - PhotoView360 (실사 이미지 제작)
 - Task Scheduler (작업 스케줄러)
 - Design Checker (도면 비교 분석)
 - SOLIDWORKS PDM Standard (설계 데이터 관리 프로그램)
 - TolAnalyst (공차해석)
 - SOLIDWORKS ScadTo3D (3D 스캔data를 3D 파일로 변환)
 - SOLIDWORKS Visualize Standard (Rendering_이미지)
 - CircuitWorks (ECAD 데이타 호환)
 - Costing (제품 원가 계산)",0
695050173DF90C4FAE6C21A810644B70,,2,02.해석 제품,SolidWorks Corporation,SOLIDWORKS Simulation,SOLIDWORKS Professional Network with Cloud Subscription,software,Stand Alone,,Seat,,Seat,10,"23,000,000",84.23913043,3625000,36250000,,"36,250,000",,,,,,,,,1
695050173DF90C4FAE6C21A810644B70,,3,01.SolidWorks 관련,Dassault Systemes SolidWorks Corp.,SOLIDWORKS,SOLIDWORKS Premium Network with Cloud Subscription,software,Licence,,Seat,있음,Seat,1,"20,740,000",77.09739634,4750000,4750000,,"4,750,000",,,,,,,," - 설치 매뉴얼 제공
 - 차기 버전 Upgrade 1회
 - On-Line 기술 지원 (전화 및 원격지원)
 - nodeDATA 교육 (1 Seat 당 1명 기준)
 - nodeDATA On-Line 교육(Webcast)
 - 최신 뉴스레터 제공
 - Disable Request Service(라이선스 재 활성)
 - DX TOOL 제공
 - 계약기간 :  2024.04.01 ~ 2025.06.30 (15개월 연장)",2
6DCBC5E43EDE234EA7E75846FC5BC524,,1,01.SolidWorks 관련,DraftSight,DraftSight,DraftSight Enterprise (네트워크 라이선스),,,,,있음,,2,,,"900,000","1,800,000",,"1,800,000",,,,,,,," - 신규 라이선스 발급 조건
 - 유지보수 계약기간: 1년",0
A9FF8B7D20728645A9B5BA3BC7F8EFA9,,1,,,,SOLIDWORKS Standard with Cloud (영구라이선스),,,,,있음,,1,13556340,22.54546581,10500000,10500000,,"10,500,000",,,,,,,, - 제품별 세부 기능은 첨부한 기능소개서 참고 바랍니다.,0
A9FF8B7D20728645A9B5BA3BC7F8EFA9,,,,,,,,,,,,,,,,,,,,,,,,,,,,1
A9FF8B7D20728645A9B5BA3BC7F8EFA9,,2,,,,SOLIDWORKS Subscription Service 2Year,,,,,있음,,1,포함,,포함,포함,,,,,,,,,," - 차기 버전 Upgrade 및 기술지원 (전화 및 원격지원)
 - nodeDATA 오프라인 및 온라인 교육 무상 지원
 - Disable Request Service(라이선스 재 활성)
 - 계약기간 : 2년간",2
A9FF8B7D20728645A9B5BA3BC7F8EFA9,,,,,,,,,,,,,,,,,,,,,,,,,,,,3
A9FF8B7D20728645A9B5BA3BC7F8EFA9,,3,,,,DX TOOL V 2.1  - 노드데이타 자체 개발 속성편집 S/W,,,,,있음,,1,"1,500,000",,포함,포함,,,,,,,,,,"1. 속성 편집
    - 주요 옵션 : 속성 수정 항목 파일 저장 & 불러오기
2. 파일 이름 변경
    - 주요 옵션 : 도면 포함, 파일 이름 일괄 변경
3. 파일 변환
    - SOLIDWORKS 도면 파일을 PDF, DXG, DWG 형식으로 변환 
4. 도면 작성
    - 업체 도면 템플릿을 이용하여 자동으로 대량의 도면 생성 
5. BOM 엑셀 출력
    - 주요 옵션 : 업체 양식 Customizing 가능 (비용 별도 협의)
6. 인쇄
    - 대량의 파일을 순차적으로 인쇄하는 기능",4
B0AE2DBC8210FE44B53F285F1B7A1DBD,,1,,,,SOLIDWORKS Professional - Network Subscription Service,,,,,있음,,7,"2,910,700",27.85240664,"2,100,000",14700000,,"14,700,000",,,,,,,,"안양연구소 라이선스 
-. SN : 9010 0295 7147 5035 F9JV RM38 (End Date : 24-03-31)
-. 유지보수 기간 (12개월) : 2024.04.01 ~ 2025.03.31)",0
C43D00A57022E741ADBF81B03A435A1E,,4,,,,HP Z8 타워 워크스테이션 G5 Fury IDS,,,,,있음,,1,"21,446,304",65.02893925,7500000,7500000,,"7,500,000",,,,,,,,"Windows 11 Pro 64 for Workstations 6 Cores Plus						
Intel Xeon W5-3433 4.00G 45 MB 16 cores 220W CPU					
64GB (4x16GB) DDR5 4800 DIMM ECC REG 1CPU Memory				
NVIDIA RTX A4000 16 GB FH Blower Fan 4DP PCIe x16 Graphics				
HP DP to HDMI 2.0	
Operating System Load to M.2				
Z Turbo 1TB PCIe-4x4 2280 TLC M.2 Solid State Drive					
HP USB 320K Keyboard						
HP Wired 320M Mouse						
9.5mm DVD-Writer 1st ODD						
Type-A SuperSpeed USB 5Gbps Front IO v2 Entry Module			
2250W EPA90 Power Supply						
Z8 Country Kit						
C13 Sticker Conventional Straight x2 Desktop Workstations Power Cord			
1/1/1 (material/labor/onsite) Warranty						
Single Unit (Tower) Packaging						
1/1/1 TWR Label						
HP 3년 Onsite Care 워크스테이션 하드웨어 지원",0
CA8BB7B3C12ACE4CAF7D9A5BC4BE2258,,1,01.SolidWorks 관련,Dassault Systemes SolidWorks Corp.,SOLIDWORKS,SOLIDWORKS Professional Network with Cloud Services,software,Licence,,Seat,있음,Seat,2,"12,558,000",2.05,"12,300,000",24600000,,"24,600,000",,,,,,,," - SOLIDWORKS Design Software (Part, Assembly, Drawing)
 - Sheetmetal Design Module (판금)
 - Surface Design Module (곡면 모델링)
 - SOLIDWORKSs Explorer
 - Simulation XPress (단품 구조해석)
 - Flow XPress (유동의 흐름 Viewing)
 - DFM XPress (가공 시 에러 발생 부분 분석)
 - DriveWorks XPress (유사한 제품 시리즈 생성)
 - Physical Simulation and Animation (동영상 제작)
 - SOLIDWORKS eDrawings
 - SOLIDWORKS Utilities (데이타 비교)
 - FeatureWorks (작업 이력 생성)
 - 3D 파단도
 - 3D Instant Website (웹게시판)
 - SOLIDWORKS eDrawings Professional
 - SOLIDWORKS Toolbox (라이브러리)
 - PhotoView360 (실사 이미지 제작)
 - Task Scheduler (작업 스케줄러)
 - Design Checker (도면 비교 분석)
 - SOLIDWORKS PDM Standard (설계 데이터 관리 프로그램)
 - TolAnalyst (공차해석)
 - SOLIDWORKS ScadTo3D (3D 스캔data를 3D 파일로 변환)
 - SOLIDWORKS Visualize Standard (Rendering_이미지)
 - CircuitWorks (ECAD 데이타 호환)
 - Costing (제품 원가 계산)",0
CA8BB7B3C12ACE4CAF7D9A5BC4BE2258,,2,02.해석 제품,SolidWorks Corporation,SOLIDWORKS Simulation,SOLIDWORKS Professional Network Subscription,software,Stand Alone,,Seat,,Seat,10,"23,000,000",90,"2,300,000","23,000,000",,"23,000,000",,,,,,,,,1
CA8BB7B3C12ACE4CAF7D9A5BC4BE2258,,3,01.SolidWorks 관련,Dassault Systemes SolidWorks Corp.,SOLIDWORKS,SOLIDWORKS Premium Network Subscription,software,Licence,,Seat,있음,Seat,1,"20,740,000",86.02,"2,900,000","2,900,000",,"2,900,000",,,,,,,," - 설치 매뉴얼 제공
 - 차기 버전 Upgrade 1회
 - On-Line 기술 지원 (전화 및 원격지원)
 - nodeDATA 교육 (1 Seat 당 1명 기준)
 - nodeDATA On-Line 교육(Webcast)
 - 최신 뉴스레터 제공
 - Disable Request Service(라이선스 재 활성)
 - DX TOOL 제공
 - 계약기간 :  2024.04.01 ~ 2025.03.31",2
2A4D6A189D311D41A97167C93F1C54C8,,1,01.SolidWorks 관련,Dassault Systemes SolidWorks Corp.,SOLIDWORKS,SOLIDWORKS Professional,software,Licence,,Seat,있음,Seat,3,"16,252,540",20.01,"13,000,000","39,000,000",,"39,000,000",,,,,,,," - SOLIDWORKS Design Software (Part, Assembly, Drawing)
 - Sheetmetal Design Module (판금)
 - Surface Design Module (곡면 모델링)
 - SOLIDWORKS eDrawings
 - FeatureWorks (작업 이력 생성)
 - 3D 파단도
 - SOLIDWORKS Toolbox (라이브러리)
 - PhotoView360 (실사 이미지 제작)
 - Task Scheduler (작업 스케줄러)",0
2A4D6A189D311D41A97167C93F1C54C8,,2,00.Subscription Service,Dassault Systemes SolidWorks Corp.,SOLIDWORKS Professional Subscription Service,SOLIDWORKS Professional Subscription Service 2Year,software,Stand Alone,,Seat,있음,Seat,3,포함,,포함,포함,,,,,,,,,," - 설치 매뉴얼 제공
 - 차기 버전 Upgrade 2회
 - On-Line 기술 지원 (전화 및 원격지원)
 - nodeDATA 교육
 - Disable Request Service(라이선스 재 활성)
 - DX TOOL 제공
 - 계약기간 : 2년간",1
3CD7B22A3A0CDE4E9E93242ACA13D9FD,,1,,,,GSTARCAD Professional (1+1),,,,,,,1,,,1065000,1065000,,"1,065,000",,,,,,,,,0
453CD3D80D92624A889222BF839311E0,,01월 01일,,,,SOLIDWORKS Simulation Standard Subscription Service,,,,,있음,,1,,,"1,300,000",-,,,,,,,,,, - 만료 후 유지보수 갱신 시 비용 참고 (현재 기준),1
453CD3D80D92624A889222BF839311E0,,,,,,,,,,,,,,,,,,,,,,,,,,,,2
453CD3D80D92624A889222BF839311E0,,2,,,,SOLIDWORKS Simulation Professional [Stand-Alone License],,,,,,,1,"17,700,000",0,17700000,17700000,,"17,700,000",,,,,,,,,3
453CD3D80D92624A889222BF839311E0,,02월 01일,,,,SOLIDWORKS Simulation Professional Subscription Service,,,,,있음,,1,,,"2,700,000",-,,,,,,,,,, - 만료 후 유지보수 갱신 시 비용 참고 (현재 기준),4
453CD3D80D92624A889222BF839311E0,,1,02.해석 제품,SolidWorks Corporation,SOLIDWORKS Flow Simulation,SOLIDWORKS Simulation Standard [Stand-Alone License],software,Stand Alone,,Seat,,Seat,1,"8,400,000",0,8400000,8400000,,"8,400,000",,,,,,,,,0
453CD3D80D92624A889222BF839311E0,,,,,,,,,,,,,,,,,,,,,,,,,,,,5
453CD3D80D92624A889222BF839311E0,,3,02.해석 제품,SolidWorks Corporation,SOLIDWORKS Simulation,SOLIDWORKS Simulation Premium [Stand-Alone License],software,Stand Alone,,Seat,,Seat,1,"27,300,000",2.93040293,26500000,26500000,,"26,500,000",,,,,,,,,6
453CD3D80D92624A889222BF839311E0,,03월 01일,,,,SOLIDWORKS Simulation Premium Subscription Service,,,,,있음,,1,,,"4,500,000",-,,,,,,,,,, - 만료 후 유지보수 갱신 시 비용 참고 (현재 기준),7
453CD3D80D92624A889222BF839311E0,,,,,,,,,,,,,,,,,,,,,,,,,,,,8
453CD3D80D92624A889222BF839311E0,,,,,,** 참고 사항 **,,,,,있음,,,,,,,,,,,,,,,," ◆ 2023년 07월부터 개발사 다쏘시스템의 License 판매 정책 변경
   - Perpetual License 신규 구매 시, Subscription 2 year 필수 구매로 변경",9
6F68C36714F73F49B5D4435CECC149D9,,3,01.SolidWorks 관련,Dassault Systemes SolidWorks Corp.,,SOLIDWORKS Network Installation Fee,,,,,,,1,"3,600,000",-94.44444444,7000000,7000000,,"7,000,000",,,,,,,,,4
6F68C36714F73F49B5D4435CECC149D9,,1,01.SolidWorks 관련,Dassault Systemes SolidWorks Corp.,SOLIDWORKS,SOLIDWORKS Professional,software,Licence,,Seat,,Seat,4,"12,558,000",-19.44577162,15000000,60000000,,"60,000,000",,,,,,,,,0
6F68C36714F73F49B5D4435CECC149D9,,,,,,,,,,,,,,,,,,,,,,,,,,,,1
6F68C36714F73F49B5D4435CECC149D9,,,,,,,,,,,,,,,,,,,,,,,,,,,,3
6F68C36714F73F49B5D4435CECC149D9,,,,,,,,,,,,,,,,,,,,,,,,,,,,5
6F68C36714F73F49B5D4435CECC149D9,,4,00.Subscription Service,,,*** SS 세부사항 ***,,,,,있음,,1,,,,,,,,,,,,,,"■ 솔리드웍스 유지보수 서비스 : 24개월
 #. DX TOOL 제공 : 노드데이타 개발 솔리드웍스 속성편집기(\2,000,000)
 - 설치 매뉴얼 제공
 - 차기 버전 Upgrade 1회
 - On-Line 기술 지원 (전화 및 원격지원)
 - nodeDATA 교육 : On/Off Line 참여
 - nodeDATA 세미나
 - nodeDATA 홈페이지 로열 회원 등급 부여(기술 문서 및 동영상 열람)
 - 최신 뉴스레터 제공
 - Disable Request Service 제공 (라이선스 재 활성)
 - Network License",6
6F68C36714F73F49B5D4435CECC149D9,,2,02.해석 제품,SolidWorks Corporation,SOLIDWORKS Simulation,SOLIDWORKS Simulation Professional,software,Stand Alone,,Seat,,Seat,1,"21,060,000",-6.837606838,22500000,22500000,,"22,500,000",,,,,,,,,2
73C36C56BFFABC42856B4A1692BB91A4,,1,02.해석 제품,SolidWorks Corporation,SOLIDWORKS Flow Simulation,SOLIDWORKS Flow Simulation,software,Stand Alone,,Seat,있음,Seat,1,"21,021,000",19.13,"17,000,000","17,000,000",,"17,000,000",,,,,,,,"[Analysis Capabilities]
 - Two and three dimensional,Symmetry planes analyses
 - Time-dependent flow, Gas mixture, liquid mixture
 - Calculation of relative humidity in gas flows
 - Conjugate heat transfer, Cavitation
[Fluid and Solid Properties]
 - Incompressible and compressible liquid
 - Compressible gas, Real gases
 - Water vapor (steam), Non-Newtonian liquids",0
73C36C56BFFABC42856B4A1692BB91A4,,2,00.Subscription Service,Dassault Systemes SolidWorks Corp.,SOLIDWORKS Professional Subscription Service,SOLIDWORKS Flow Simulation Subscription Service 2Year,software,Stand Alone,,Seat,있음,Seat,1,"9,864,400",18.9,"8,000,000","8,000,000",,"8,000,000",,,,,,,," - 설치 매뉴얼 제공, 차기 버전 Upgrade
 - On-Line 기술 지원 (전화 및 원격지원),  Disable Request Service
 - 유지보수 계약기간 : 2년간
 - 년간 유지보수 비용 : \4,000,000(VAT별도)/카피당",1
73C36C56BFFABC42856B4A1692BB91A4,,3,00.Subscription Service,Dassault Systemes SolidWorks Corp.,SOLIDWORKS Subscription Service,SOLIDWORKS Premium Subscription Service 2Year,software,Stand Alone,,Seat,있음,Seat,2,"6,143,800",18.62,"5,000,000","10,000,000",,"10,000,000",,,,,,,," - 설치 매뉴얼 제공, 차기 버전 Upgrade
 - On-Line 기술 지원 (전화 및 원격지원),  Disable Request Service
 - 년간 유지보수 비용 : \2,500,000(VAT별도/카피당)
 - 계약기간 : 2년간 (2024.07.01 ~ 2026.06.30)
 - 대상 S/N : 
  - 9000 0503 8143 9302 HT8G 23F4
  - 9000 0503 8128 0311 4WH4 RR8G",2
73C36C56BFFABC42856B4A1692BB91A4,,4,,,,유동 해석 교육 & 컨설팅(10일),,,,,있음,,1,"10,000,000",50,"5,000,000","5,000,000",,"5,000,000",,,,,,,,"1) 유동 해석 교육 & 컨설팅
  - 설계 모델을 해석 모델로 변경 방법
  - 해석 진행 가이드
  - 협의된 모델 해석 수행 후 교육 진행
2) 안내사항
  - 교육 장소는 당사 교육장(서울본사)에서 진행
  - 해석을 위한 설계 모델은 당사와 협의하여 진행",3
8F088763CFAE9C49A48AE6A66F4F441E,,1,01.SolidWorks 관련,Dassault Systemes SolidWorks Corp.,SOLIDWORKS,SOLIDWORKS Professional,software,Licence,,Seat,,Seat,6,"12,558,000",4.443382704,12000000,72000000,,"72,000,000",,,,,,,,,0
8F088763CFAE9C49A48AE6A66F4F441E,,,,,,,,,,,,,,,,,,,,,,,,,,,,1
8F088763CFAE9C49A48AE6A66F4F441E,,2,02.해석 제품,SolidWorks Corporation,SOLIDWORKS Simulation,SOLIDWORKS Simulation Professional,software,Stand Alone,,Seat,,Seat,1,"21,060,000",12.16,"18,500,000","18,500,000",,"18,500,000",,,,,,,,,2
8F088763CFAE9C49A48AE6A66F4F441E,,,,,,,,,,,,,,,,,,,,,,,,,,,,3
8F088763CFAE9C49A48AE6A66F4F441E,,3,00.Subscription Service,,,*** SS 세부사항 ***,,,,,있음,,1,,,,,,,,,,,,,,"■ 솔리드웍스 유지보수 서비스 : 24개월
 #. DX TOOL 제공 : 노드데이타 개발 솔리드웍스 속성편집기(\2,000,000)
 - 설치 매뉴얼 제공
 - 차기 버전 Upgrade 1회
 - On-Line 기술 지원 (전화 및 원격지원)
 - nodeDATA 교육 : On/Off Line 참여
 - nodeDATA 세미나
 - nodeDATA 홈페이지 로열 회원 등급 부여(기술 문서 및 동영상 열람)
 - 최신 뉴스레터 제공
 - Disable Request Service 제공 (라이선스 재 활성)
 - Standalone License",4
C5FFC5D272EE2D429E50506D07FC9DFB,,,,,,[유상 교육],,,,,,,,,,,,,,,,,,,,,,0
C5FFC5D272EE2D429E50506D07FC9DFB,,1,,,,SOLIDWORKS Electrical Off-line 유상 교육 (2일간) - 업체 단독 개설,,,,,있음,,1,,,"2,000,000","2,000,000",,"2,000,000",,,,,,,," - 교육 목표 : 전기 회로 설계 및 전기 회로의 3D 구현
 - 교육 내용 : 
   # 도면 작업, 터미널, PLC 회로 설계 , REPROT, 2D & 3D Cabinet Layout 등
   # 업체 활용 기능에 맞춰 교육내용 수정 편성 가능 
 - 활용 제품 : SOLIDWORKS Electrical
 - 교육 담당자 : 김성범 부장
 - 엔지니어 방문 교육 진행",1
C6B4E9394CB85044BD26605496E4912E,,7,,,,AutoCAD LT 1년 라이선스,,,,,,,1,,,700000,700000,,"700,000",,,,,,,,,9
C6B4E9394CB85044BD26605496E4912E,,1,01.SolidWorks 관련,Dassault Systemes SolidWorks Corp.,SOLIDWORKS,SOLIDWORKS Professional,software,Licence,,Seat,있음,Seat,3,"16,252,540",13.86,"14,000,000",42000000,,"42,000,000",,,,,,,," - SOLIDWORKS Design Software (Part, Assembly, Drawing)
 - Sheetmetal Design Module (판금)
 - Surface Design Module (곡면 모델링)
 - SOLIDWORKS eDrawings Professional
 - SOLIDWORKS Toolbox (라이브러리)
 - SOLIDWORKS Visualize Standard (Rendering_이미지)",0
C6B4E9394CB85044BD26605496E4912E,,2,05.PDMWorks Enterprise 관련,"SOLIDWORKS Co., LTD.",SOLIDWORKS PDM Professional,SOLIDWORKS PDM Professional CAD Editor,,,,,있음,,3,"4,500,000",-11.11,"5,000,000",15000000,,"15,000,000",,,,,,,," - 설계자용 (모든기능포함)
 - SOLIDWORKS & MultiCAD Add-in 
 - 설계 데이터 관리 
 - 데이터 통합 환경 제공
 - 다양한 권한 부여 설정 
 - Automated revision control
 - BOM 데이터 관리 
 - 파일 & 폴더 템플릿 기능
 - 기존 프로젝트 재활용 
 - Automated process control(ECO/ECN)",1
C6B4E9394CB85044BD26605496E4912E,,3,05.PDMWorks Enterprise 관련,"SolidWorks Co., LTD.",SOLIDWORKS PDM Professional,SOLIDWORKS PDM Professional Viewer,software,NetWork,,,있음,seat,1,"7,922,000",24.26,"6,000,000","6,000,000",,"6,000,000",,,,,,,," - 데이터 서버에 있는 파일에 대한 뷰어
 - 파일 데이터 속성 정보 확인
 - 워크플로우 전자 결재 가능
 - 1 Seat 구입이 5 User 사용가능",2
C6B4E9394CB85044BD26605496E4912E,,4,00.Subscription Service,,,*** SS 세부사항 ***,,,,,있음,,1,,,,,,,,,,,,,,"■ 솔리드웍스 유지보수 서비스 : 2년
 #. DX TOOL 제공 : 노드데이타 개발 솔리드웍스 속성편집기(\2,000,000)
 - 설치 매뉴얼 제공
 - 차기 버전 Upgrade 1회
 - On-Line 기술 지원 (전화 및 원격지원)
 - nodeDATA 교육 : On/Off Line 참여
 - nodeDATA 세미나
 - nodeDATA 홈페이지 로열 회원 등급 부여(기술 문서 및 동영상 열람)
 - 최신 뉴스레터 제공
 - Disable Request Service 제공 (라이선스 재 활성)
 - Cloud 서비스 2년 포함",3
C6B4E9394CB85044BD26605496E4912E,,,,,,,,,,,,,,,,,,,,,,,,,,,,4
C6B4E9394CB85044BD26605496E4912E,,5,,,,Dell Mobile Precision 7680,,,,,있음,,1,,,5000000,5000000,,"5,000,000",,,,,,,," - 인텔 코어 i7-13850HX vPro (30 MB 캐시, 20 코어, 28 threads, 최대5.3 GHz, 55 W
 - 32GB, 2x16GB 5600MT/s SODIMM, 논-ECC
 - 1TB M.2 PCIe NVMe Gen 4 2280 SSD
 - ""16인치 FHD+ 1920x1200, WVA, 60Hz, 눈부심 방지, 터치기능 미지
원, 45% NTSC, 250 nits, RGB 카메라, Mic 포함""
 - FHD/IR 카메라, ExpressSign-In, 인텔ligent privacy, 카메라 셔터, 마이크
 - 싱글 포인팅 백라이트 한글 키보드 numeric keypad 포함
 - NVIDIA RTX 4000 Ada 12GB GGDR6
 - Windows 11 Pro, 한글 
 - 인텔 AX211 Wi-Fi 6/6E (최대 6GHz where available) 2x2 블루투스 무선 포함
 - 무선 인텔 AX211 WLAN 드라이버
 - 모바일 광대역 카드 없음
 - 스마트 카드 없음, NFC 리더기 없음, 지문인식기 없음
 - 93 Wh, 6 셀, 리튬 이온 Polymer
 - E5 전원 코드 1M 한국 용
 - 240W 전원 어댑터
 - 배터리 보관 수령일로부터 1년 무상수리
 - ProSupport 및 익일(영업일 기준) 방문 서비스 Initial, 36 개월
 - 유선마우스 및 백팩 가방 포함",5
C6B4E9394CB85044BD26605496E4912E,,,,,,,,,,,,,,,,,,,,,,,,,,,,6
C6B4E9394CB85044BD26605496E4912E,,6,,,,SQL 2019,,,,,있음,,1,,,2000000,2000000,,"2,000,000",,,,,,,, - OS 및 Cal 10user 포함,7
C6B4E9394CB85044BD26605496E4912E,,,,,,,,,,,,,,,,,,,,,,,,,,,,8
E513616509CF514CBEAA6FEF79930E52,,,01.SolidWorks 관련,Dassault Systemes SolidWorks Corp.,SOLIDWORKS,SOLIDWORKS Premium 1년 라이선스,software,Licence,,Seat,있음,Seat,1,"20,740,000",63.83799421,7500000,7500000,,"7,500,000",,,,,,,," - SOLIDWORKS Design Software (Part, Assembly, Drawing)
 - Sheetmetal Design Module (판금)
 - Surface Design Module (곡면 모델링)
 - SOLIDWORKSs Explorer
 - Flow XPress (유동의 흐름 Viewing)
 - DFM XPress (가공 시 에러 발생 부분 분석)
 - DriveWorks XPress (유사한 제품 시리즈 생성)
 - Physical Simulation and Animation (동영상 제작)
 - SOLIDWORKS eDrawings
 - SOLIDWORKS Utilities (데이타 비교)
 - FeatureWorks (작업 이력 생성)
 - 3D 파단도
 - 3D Instant Website (웹게시판)
 - SOLIDWORKS eDrawings Professional
 - SOLIDWORKS Toolbox (라이브러리)
 - PhotoView360 (실사 이미지 제작)
 - Task Scheduler (작업 스케줄러)
 - Design Checker (도면 비교 분석)
 - SOLIDWORKS PDM Standard (설계 데이터 관리 프로그램)
 - TolAnalyst (공차해석)
 - SOLIDWORKS ScadTo3D (3D 스캔data를 3D 파일로 변환)
 - SOLIDWORKS Visualize Standard (Rendering_이미지)
 - CircuitWorks (ECAD 데이타 호환)
 - Costing (제품 원가 계산)
 - SOLIDWORKS Motion (구동 해석)
 - SOLIDWORKS Simulation (설계자용 구조해석)
 - SOLIDWORKS Routing (파이프와 배선, 하네스 설계)
 - Sustainability
 - Assembly Costing (제품 원가 계산)
 - Surface 전개",0
E513616509CF514CBEAA6FEF79930E52,,,,,,,,,,,,,,,,,,,,,,,,,,,,1
E513616509CF514CBEAA6FEF79930E52,,,00.Subscription Service,,,*** SS 세부사항 ***,,,,,있음,,,,,,,,,,,,,,,,"■ 솔리드웍스 유지보수 서비스 : 12개월
 #. DX TOOL 제공 : 노드데이타 개발 솔리드웍스 속성편집기(\2,000,000)
 - 설치 매뉴얼 제공
 - 차기 버전 Upgrade 1회
 - On-Line 기술 지원 (전화 및 원격지원)
 - nodeDATA 교육 : On/Off Line 참여
 - nodeDATA 세미나
 - nodeDATA 홈페이지 로열 회원 등급 부여(기술 문서 및 동영상 열람)
 - 최신 뉴스레터 제공
 - Disable Request Service 제공 (라이선스 재 활성)

 ■ 계약기간 : 1년간",2
FA7BA448C103174EAA2F050E1A1A4F71,,1,01.SolidWorks 관련,Dassault Systemes SolidWorks Corp.,SOLIDWORKS,SOLIDWORKS Premium,software,Licence,,Seat,있음,Seat,1,21266640,24.76479594,"16,000,000","16,000,000",,"16,000,000",,,,,,,," - SOLIDWORKS Design Software (Part, Assembly, Drawing)
 - Sheetmetal Design Module (판금)
 - Surface Design Module (곡면 모델링)
 - SOLIDWORKSs Explorer
 - Flow XPress (유동의 흐름 Viewing)
 - DFM XPress (가공 시 에러 발생 부분 분석)
 - DriveWorks XPress (유사한 제품 시리즈 생성)
 - Physical Simulation and Animation (동영상 제작)
 - SOLIDWORKS eDrawings
 - SOLIDWORKS Utilities (데이타 비교)
 - FeatureWorks (작업 이력 생성)
 - 3D 파단도
 - 3D Instant Website (웹게시판)
 - SOLIDWORKS eDrawings Professional
 - SOLIDWORKS Toolbox (라이브러리)
 - PhotoView360 (실사 이미지 제작)
 - Task Scheduler (작업 스케줄러)
 - Design Checker (도면 비교 분석)
 - SOLIDWORKS PDM Standard (설계 데이터 관리 프로그램)
 - TolAnalyst (공차해석)
 - SOLIDWORKS ScadTo3D (3D 스캔data를 3D 파일로 변환)
 - SOLIDWORKS Visualize Standard (Rendering_이미지)
 - CircuitWorks (ECAD 데이타 호환)
 - Costing (제품 원가 계산)
 - SOLIDWORKS Motion (구동 해석)
 - SOLIDWORKS Simulation (설계자용 구조해석)
 - SOLIDWORKS Routing (파이프와 배선, 하네스 설계)
 - Sustainability
 - Assembly Costing (제품 원가 계산)
 - Surface 전개",0
FA7BA448C103174EAA2F050E1A1A4F71,,01월 01일,00.Subscription Service,Dassault Systemes SolidWorks Corp.,SOLIDWORKS Professional Subscription Service,SOLIDWORKS Subscription Service (Y2),software,Stand Alone,,Seat,있음,Seat,,,,,,,,,,,,,,," - 설치 매뉴얼 제공
 - 차기 버전 Upgrade 1회
 - On-Line 기술 지원 (전화 및 원격지원)
 - nodeDATA 교육 (1 Seat 당 1명 기준)
 - nodeDATA On-Line 교육(Webcast)
 - nodeDATA 세미나
 - nodeDATA 홈페이지 로열 회원 등급 부여
    - 기술 문서 및 동영상 열람
 - 최신 뉴스레터 제공
 - Disable Request Service(라이선스 재 활성)
 - DX TOOL 제공
 - SOLIDWORKS Customer Portal 이용 
    - Service Request / Enhancement Request / Knowledge Base
 - SOLIDWORKS Beta 체험 및 Awards
 - 계약기간 : 1년간 (2018.mm.dd ~ 2019.mm.dd)
 - 대상 S/N :",1
FA7BA448C103174EAA2F050E1A1A4F71,,01월 02일,,,,3DEXPERIENCE CLOUD Platform,,,,,있음,,,,,,,,,,,,,,,,"- 3DSwymer (1)
 SNS, 파일 공유, 뷰어, 검색 및 대시보드를 활용하여 효율적인 디지털
협업 환경 구축
- Collaborative Industry Innovator(1)
 데이터 기반의 협업 (데이터 수명 주기, 업무 관리 등) 이 가능
- SOLIDWORKS Connector(1)
 3DEXPERIENCE platform에 SOLIDWORKS Data 저장",2
FA7BA448C103174EAA2F050E1A1A4F71,,,,,,,,,,,,,,,,,,,,,,,,,,,,3
FA7BA448C103174EAA2F050E1A1A4F71,,,,,,※ NEGO ※,,,,,,,,,,-1000000,-1000000,,"-1,000,000",,,,,,,,,4
3E45DA1187B31942A11DEC5BF7BA9542,,,,,,[유지보수 갱신],,,,,,,,,,,,,,,,,,,,,,0
3E45DA1187B31942A11DEC5BF7BA9542,,1,00.Subscription Service,Dassault Systemes SolidWorks Corp.,SOLIDWORKS Professional Subscription Service,SOLIDWORKS Professional Subscription,software,Stand Alone,,Seat,있음,Seat,3,"15,319,200",83.68,"2,500,000","7,500,000",,"7,500,000",,,,,,,," - SOLIDWORKS Professional 1년 유지보수 가격
 - 새명산전 총 3copy 보유",1
3E45DA1187B31942A11DEC5BF7BA9542,,2,00.Subscription Service,,Full Subscription Backdating,Subscription Backdating -1,,,,,있음,,1,"56,093,700",96.29,"2,080,000","2,080,000",,"2,080,000",,,,,,,," - 라이선스 정보: 9000 0110 1530 7600 8CR8 WX63 (2023년 05월 만료_10개월)
 - Sub 만료일로부터 재갱신 전월까지의 누적 비용
 - 유효기간 내 계약 기준 : 만료일(2023.05) 10개월 적용
   * SOLIDWORKS Professional License [1 seat]
     - (\2,500,000 / 12개월) X 10개월 = \2,080,000",2
3E45DA1187B31942A11DEC5BF7BA9542,,3,,,,Full Subscription Backdating -2,,,,,있음,,2,,,"7,500,000","15,000,000",,"15,000,000",,,,,,,," - 라이선스 정보
    # 9000 0166 1497 0724 GMZR SVJ5 (2019년 6월 만료_4년 10개월)
    # 9000 0169 2250 0635 FJVN 6DF7 (2019년 6월 만료_4년 10개월)
 - 유효기간 내 계약 기준 : 만료일(2019.06) 36개월 적용
   * SOLIDWORKS Professional License [2 seats]
     - \2,500,000 x 3년 = \7,500,000 (1 seat 당 가격)",3
3E45DA1187B31942A11DEC5BF7BA9542,,,,,,,,,,,,,,,,,,,,,,,,,,,,4
3E45DA1187B31942A11DEC5BF7BA9542,,4,,,,Subscription 기본 할인 (10%),,,,,,,1,,,"-2,458,000","-2,458,000",,"-2,458,000",,,,,,,,,5
3E45DA1187B31942A11DEC5BF7BA9542,,04월 01일,,,,새명산전 특별 할인 (5%),,,,,,,1,,,"-1,229,000","-1,229,000",,"-1,229,000",,,,,,,,,6
4063E289A376244E958F1A899C01D21A,,1,01.SolidWorks 관련,Dassault Systemes SolidWorks Corp.,SOLIDWORKS,SOLIDWORKS Premium - 1year,software,Licence,,Seat,있음,Seat,1,"7,255,920",14.5525309,6200000,6200000,,"6,200,000",,,,,,,,"■ 12개월 기간제 라이선스
 - SOLIDWORKS Design Software (Part, Assembly, Drawing)
 - Sheetmetal Design Module (판금)
 - Surface Design Module (곡면 모델링)
 - SOLIDWORKSs Explorer
 - Flow XPress (유동의 흐름 Viewing)
 - DFM XPress (가공 시 에러 발생 부분 분석)
 - DriveWorks XPress (유사한 제품 시리즈 생성)
 - Physical Simulation and Animation (동영상 제작)
 - SOLIDWORKS eDrawings
 - SOLIDWORKS Utilities (데이타 비교)
 - FeatureWorks (작업 이력 생성)
 - 3D 파단도
 - 3D Instant Website (웹게시판)
 - SOLIDWORKS eDrawings Professional
 - SOLIDWORKS Toolbox (라이브러리)
 - PhotoView360 (실사 이미지 제작)
 - Task Scheduler (작업 스케줄러)
 - Design Checker (도면 비교 분석)
 - SOLIDWORKS PDM Standard (설계 데이터 관리 프로그램)
 - TolAnalyst (공차해석)
 - SOLIDWORKS ScadTo3D (3D 스캔data를 3D 파일로 변환)
 - SOLIDWORKS Visualize Standard (Rendering_이미지)
 - CircuitWorks (ECAD 데이타 호환)
 - Costing (제품 원가 계산)
 - SOLIDWORKS Motion (구동 해석)
 - SOLIDWORKS Simulation (설계자용 구조해석)
 - SOLIDWORKS Routing (파이프와 배선, 하네스 설계)
 - Sustainability
 - Assembly Costing (제품 원가 계산)
 - Surface 전개",0
4063E289A376244E958F1A899C01D21A,,,,,,,,,,,,,,,,,,,,,,,,,,,,1
4063E289A376244E958F1A899C01D21A,,2,02.해석 제품,SolidWorks Corporation,SOLIDWORKS Flow Simulation,SOLIDWORKS Flow Simulation - 1year,software,Stand Alone,,Seat,있음,Seat,1,"10,463,700",25.45657846,7800000,7800000,,"7,800,000",,,,,,,,"■ 12개월 기간제 라이선스
[Analysis Capabilities]
 - Two and three dimensional analyses
 - Symmetry planes
 - Time-dependent flow
 - Subsonic, transonic, and supersonic regimes
 - Calculation of relative humidity in gas flows
 - Gas mixture, liquid mixture
 - Conjugate heat transfer
 - Cavitation
[Fluid and Solid Properties]
 - Incompressible and compressible liquid
 - Compressible gas
 - Real gases
 - Water vapor (steam)
 - Non-Newtonian liquids (to simulate blood, molten plastics)
[Results Tools]
 - Microsoft Word report format
 - Publish eDrawings® of flow simulation results
 - Save plots as BMP, JPEG, PNG, VRML, or AVI files
 - Save results in Excel
 - Export results (pressure, temperature, and convective coefficients) to SolidWorks Simulation",2
4063E289A376244E958F1A899C01D21A,,,,,,,,,,,,,,,,,,,,,,,,,,,,3
4063E289A376244E958F1A899C01D21A,,3,00.Subscription Service,,,+++ 상기 공통 사항 +++,,,,,있음,,,,,,포함,,,,,,,,,,"■ 솔리드웍스 유지보수 서비스 : 12개월
    클라우드 버전 플랫폼 SOLIDWORKS 데이터 공유 및 프로젝트 관리 
 #. DX TOOL 제공 : 노드데이타 개발 솔리드웍스 속성편집기(\2,000,000)
 - 설치 매뉴얼 제공
 - 차기 버전 Upgrade
 - On/Off Line 기술 지원 (전화 및 원격지원, 방문 기술지원)
 - nodeDATA 교육 : On/Off Line 참여
 - Disable Request Service 제공 (라이선스 재 활성)
 - SOLIDWORKS CAM Standard (1,820,000원) : 유지보수 기간내 사용 가능
   (SOLIDWORKS Std 이상 구매시)
 - SOLIDWORKS Visualize Standard (2,527,200원) : 유지보수 기간내 사용 가능
   (SOLIDWORKS Pro 이상 구매시)",4
51E761BA943A5B49999ED8833133F8D0,,1,,,,AutoCAD LT 연장(1년멤버쉽),,,,,있음,,2,,,"620,000",1240000,,"1,240,000",,,,,,,," - 기존 제품의 도면과 100% DWG 호환
 - 연관 치수 기입
 - 전환공간 연관 치수 기입
 - 블록 속성 편집기
 - 도면층 변환기
 - 문자 측정",0
538B367DF156404494FAB2C6F559F420,,1,,,,죽동보 어도의 유체-구조 연성 해석 2주,,,,,,,1식,,,5000000,5000000,,"5,000,000",,,,,,,,,0
538B367DF156404494FAB2C6F559F420,,,,,,,,,,,있음,,,,,,,,,,,,,,,,"죽동보 어도의 유체-구조 연성 해석
[연성 해석]
1) 해석 내용
▷콘크리트 철골 구조인 어도가 완전히 잠겨 있는 상태에서 가정한 유속과 정수압 조건에서 구조적인 평가 필요
▷해석 상세 내용
-	해석 모델 : 모델링 작업 필요 및 재질의 정보 협의
-	경계 조건 : 유속 및 정수압 조건 협의

2) 결과 정리 및 보고서 작성
▷결과 정리 및 제공 : 파워포인트 또는 워드 형식의 보고서로 제출

3) 사용 소프트웨어
▷SOLIDWORKS Simulation and Flow Simulation

4) 필수 사항
▷명시되지 않은 해석 조건은 협의하에 진행
▷용역기간은 발주 및 모델링 파일/재질/경계 조건 정보 수령 후 2주 이내

프로젝트 진행 순서
1) 모델링 수정 후 해석 모델로 변환 작업
2) 격자 생성 및 경계 조건 확인
3) 해석 및 결과 검토
4) 해석 반복 수행
5) 보고서 작성 및 제출",1
538B367DF156404494FAB2C6F559F420,,,,,,,,,,,,,,,,,,,,,,,,,,,,2
538B367DF156404494FAB2C6F559F420,,,,,,------ 이 하 여 백 ------,,,,,,,,,,,,,,,,,,,,,,3
68F898702186F440A755B7066B4CE4F8,,,,,,,,,,,,,,,,,,,,,,,,,,,,7
68F898702186F440A755B7066B4CE4F8,,3,,,,Full Subscription Backdating -2,,,,,있음,,2,,,"7,500,000","15,000,000",,"15,000,000",,,,,,,," - 라이선스 정보
    # 9000 0166 1497 0724 GMZR SVJ5 (2019년 6월 만료_4년 10개월)
    # 9000 0169 2250 0635 FJVN 6DF7 (2019년 6월 만료_4년 10개월)
 - 유효기간 내 계약 기준 : 만료일(2019.06) 36개월 적용
   * SOLIDWORKS Professional License [2 seats]
     - \2,500,000 x 3년 = \7,500,000 (1 seat 당 가격)",8
68F898702186F440A755B7066B4CE4F8,,03월 01일,,,,Nego,,,,,,,2,,,-1000000,-2000000,,"-2,000,000",,,,,,,,,9
68F898702186F440A755B7066B4CE4F8,,,,,,최종 금액,,,,,,,2,,,6500000,13000000,,"13,000,000",,,,,,,,,10
68F898702186F440A755B7066B4CE4F8,,1,00.Subscription Service,Dassault Systemes SolidWorks Corp.,SOLIDWORKS Professional Subscription Service,SOLIDWORKS Professional Subscription,software,Stand Alone,,Seat,있음,Seat,3,"15,319,200",83.68,"2,500,000","7,500,000",,"7,500,000",,,,,,,, - SOLIDWORKS Professional 1년 유지보수 가격,0
68F898702186F440A755B7066B4CE4F8,,01월 01일,,,,Nego,,,,,,,1,,,"-750,000","-750,000",,"-750,000",,,,,,,,,1
68F898702186F440A755B7066B4CE4F8,,,,,,최종 금액,,,,,,,1,,,"6,750,000","6,750,000",,"6,750,000",,,,,,,,,2
68F898702186F440A755B7066B4CE4F8,,,,,,,,,,,,,,,,,,,,,,,,,,,,3
68F898702186F440A755B7066B4CE4F8,,2,00.Subscription Service,,Full Subscription Backdating,Subscription Backdating -1,,,,,있음,,1,"56,093,700",96.29,"2,080,000","2,080,000",,"2,080,000",,,,,,,," - 라이선스 정보: 9000 0110 1530 7600 8CR8 WX63 (2023년 05월 만료_10개월)
 - Sub 만료일로부터 재갱신 전월까지의 누적 비용
 - 유효기간 내 계약 기준 : 만료일(2023.05) 10개월 적용
   * SOLIDWORKS Professional License [1 seat]
     - (\2,500,000 / 12개월) X 10개월 = \2,080,000",4
68F898702186F440A755B7066B4CE4F8,,02월 01일,,,,Nego,,,,,,,1,,,-280000,-280000,,"-280,000",,,,,,,,,5
68F898702186F440A755B7066B4CE4F8,,,,,,최종 금액,,,,,,,,,,1800000,1800000,,"1,800,000",,,,,,,,,6
6EAAB9C7644ED84784DE769B3554AA37,,1,00.Subscription Service,Dassault Systemes SolidWorks Corp.,SOLIDWORKS Subscription Service,SOLIDWORKS Standard Subscription Service,software,Stand Alone,,Seat,있음,Seat,1,2050000,26.82926829,1500000,1500000,,"1,500,000",,,,,,,," - 설치 매뉴얼 제공
 - 차기 버전 Upgrade 1회
 - On-Line 기술 지원 (전화 및 원격지원)
 - nodeDATA 교육
 - Disable Request Service(라이선스 재 활성)
 - DX TOOL 제공
 - 계약기간 : 1년간 (2024.04.01 ~ 2025.03.31)
 - 대상 S/N : 9000 0501 1839 7505 M2VC PF97",0
750F5515B2B9C34CAC4C9D013A9A3C16,,2,05.PDMWorks Enterprise 관련,"SolidWorks Co., LTD.",SOLIDWORKS PDM Professional,SOLIDWORKS PDM Professional Viewer,software,NetWork,,,있음,seat,1,"7,922,000",17.95,"6,500,000","6,500,000",,"6,500,000",,,,,,,," - 데이터 서버에 있는 파일에 대한 뷰어
 - 파일 데이터 속성 정보 확인
 - 워크플로우 전자 결재 가능
 - 1 Seat 구입이 5 User 사용가능
 - 2년 유지보수 포함",2
750F5515B2B9C34CAC4C9D013A9A3C16,,3,05.PDMWorks Enterprise 관련,"SolidWorks Co., LTD.",SOLIDWORKS PDM Professional,SOLIDWORKS PDM Professional Contributor,,,,,있음,,1,5000000,10,4500000,4500000,,"4,500,000",,,,,,,," - 데이터 관리 목적으로 독립적인 실행 (Ex 구매부, 관리부)
 - 설계 데이터 관리 
 - 데이터 통합 환경 제공
 - 다양한 권한 부여 설정 
 - Automated revision control
 - BOM 데이터 관리 
 - 파일 & 폴더 템플릿 기능
 - 기존 프로젝트 재활용 
 - Automated process control(ECO/ECN)",4
750F5515B2B9C34CAC4C9D013A9A3C16,,4,01.SolidWorks 관련,Dassault Systemes SolidWorks Corp.,SOLIDWORKS,SOLIDWORKS Professional,software,Licence,,Seat,있음,Seat,1,16252540,13.85961825,14000000,14000000,,"14,000,000",,,,,,,," - SOLIDWORKS Design Software (Part, Assembly, Drawing)
 - Sheetmetal Design Module (판금)
 - Surface Design Module (곡면 모델링)
 - SOLIDWORKSs Explorer
 - Simulation XPress (단품 구조해석)
 - Flow XPress (유동의 흐름 Viewing)
 - DFM XPress (가공 시 에러 발생 부분 분석)
 - DriveWorks XPress (유사한 제품 시리즈 생성)
 - Physical Simulation and Animation (동영상 제작)
 - SOLIDWORKS eDrawings
 - SOLIDWORKS Utilities (데이타 비교)
 - FeatureWorks (작업 이력 생성)
 - 3D 파단도
 - 3D Instant Website (웹게시판)
 - SOLIDWORKS eDrawings Professional
 - SOLIDWORKS Toolbox (라이브러리)
 - PhotoView360 (실사 이미지 제작)
 - Task Scheduler (작업 스케줄러)
 - Design Checker (도면 비교 분석)
 - SOLIDWORKS PDM Standard (설계 데이터 관리 프로그램)
 - TolAnalyst (공차해석)
 - SOLIDWORKS ScadTo3D (3D 스캔data를 3D 파일로 변환)
 - SOLIDWORKS Visualize Standard (Rendering_이미지)
 - CircuitWorks (ECAD 데이타 호환)
 - Costing (제품 원가 계산)

",6
750F5515B2B9C34CAC4C9D013A9A3C16,,1,05.PDMWorks Enterprise 관련,"SOLIDWORKS Co., LTD.",SOLIDWORKS PDM Professional,SOLIDWORKS PDM Professional CAD Editor,,,,,있음,,1,"6,000,000",8.33,"5,500,000",5500000,,"5,500,000",,,,,,,," - 설계자용 (모든기능포함)
 - SOLIDWORKS & MultiCAD Add-in 
 - 설계 데이터 관리 
 - 데이터 통합 환경 제공
 - 다양한 권한 부여 설정 
 - Automated revision control
 - BOM 데이터 관리 
 - 파일 & 폴더 템플릿 기능
 - 기존 프로젝트 재활용 
 - Automated process control(ECO/ECN)
 - 2년 유지보수 포함",0
750F5515B2B9C34CAC4C9D013A9A3C16,,,,,,,,,,,,,,,,,,,,,,,,,,,,1
750F5515B2B9C34CAC4C9D013A9A3C16,,,,,,,,,,,,,,,,,,,,,,,,,,,,3
750F5515B2B9C34CAC4C9D013A9A3C16,,,,,,,,,,,,,,,,,,,,,,,,,,,,5
A8842623326DE84A91DEC3AF66AA60FD,,1,01.SolidWorks 관련,Dassault Systemes SolidWorks Corp.,SOLIDWORKS,SOLIDWORKS Premium,software,Licence,,Seat,있음,Seat,1,"20,740,000",22.85,"16,000,000","16,000,000",,"16,000,000",,,,,,,," - SOLIDWORKS Design Software (Part, Assembly, Drawing)
 - Sheetmetal Design Module (판금)
 - Surface Design Module (곡면 모델링)
 - SOLIDWORKSs Explorer
 - Flow XPress (유동의 흐름 Viewing)
 - DFM XPress (가공 시 에러 발생 부분 분석)
 - DriveWorks XPress (유사한 제품 시리즈 생성)
 - Physical Simulation and Animation (동영상 제작)
 - SOLIDWORKS eDrawings
 - SOLIDWORKS Utilities (데이타 비교)
 - FeatureWorks (작업 이력 생성)
 - 3D 파단도
 - 3D Instant Website (웹게시판)
 - SOLIDWORKS eDrawings Professional
 - SOLIDWORKS Toolbox (라이브러리)
 - PhotoView360 (실사 이미지 제작)
 - Task Scheduler (작업 스케줄러)
 - Design Checker (도면 비교 분석)
 - SOLIDWORKS PDM Standard (설계 데이터 관리 프로그램)
 - TolAnalyst (공차해석)
 - SOLIDWORKS ScadTo3D (3D 스캔data를 3D 파일로 변환)
 - SOLIDWORKS Visualize Standard (Rendering_이미지)
 - CircuitWorks (ECAD 데이타 호환)
 - Costing (제품 원가 계산)
 - SOLIDWORKS Motion (구동 해석)
 - SOLIDWORKS Simulation (설계자용 구조해석)
 - SOLIDWORKS Routing (파이프와 배선, 하네스 설계)
 - Sustainability
 - Assembly Costing (제품 원가 계산)
 - Surface 전개",0
A8842623326DE84A91DEC3AF66AA60FD,,01월 01일,00.Subscription Service,Dassault Systemes SolidWorks Corp.,SOLIDWORKS Professional Subscription Service,SOLIDWORKS Subscription Service (Y2),software,Stand Alone,,Seat,있음,Seat,,"2,320,500",-3.43,,,,,,,,,,,," - 설치 매뉴얼 제공
 - 차기 버전 Upgrade 1회
 - On-Line 기술 지원 (전화 및 원격지원)
 - nodeDATA 교육 (1 Seat 당 1명 기준)
 - nodeDATA On-Line 교육(Webcast)
 - nodeDATA 세미나
 - nodeDATA 홈페이지 로열 회원 등급 부여
    - 기술 문서 및 동영상 열람
 - 최신 뉴스레터 제공
 - Disable Request Service(라이선스 재 활성)
 - DX TOOL 제공
 - SOLIDWORKS Customer Portal 이용 
    - Service Request / Enhancement Request / Knowledge Base
 - SOLIDWORKS Beta 체험 및 Awards
 - 계약기간 : 1년간 (2018.mm.dd ~ 2019.mm.dd)
 - 대상 S/N :",1
A8842623326DE84A91DEC3AF66AA60FD,,01월 02일,,,,3DEXPERIENCE CLOUD Platform,,,,,있음,,,,,,,,,,,,,,,,"- 3DSwymer (1)
 SNS, 파일 공유, 뷰어, 검색 및 대시보드를 활용하여 효율적인 디지털
협업 환경 구축
- Collaborative Industry Innovator(1)
 데이터 기반의 협업 (데이터 수명 주기, 업무 관리 등) 이 가능
- SOLIDWORKS Connector(1)
 3DEXPERIENCE platform에 SOLIDWORKS Data 저장",2
AF4C9E3A29868E40BF65D1998CC9183E,,1,,,,네트워크 라이센스 (2copy),,,,,있음,,1,30497760,14.74783722,26000000,26000000,,"26,000,000",,,,,,,,"* SOLIDWORKS PRO1
 - 1년 기준 3,000,000 X 4 = 12,000,000
 - 만료3년 + 신규 1년 : 합계 4년 

* SOLIDWORKS PRE1
 - 1년 기준 3,500,000 X 4 = 14,000,000
 - 만료3년 + 신규 1년 : 합계 4년",0
AF4C9E3A29868E40BF65D1998CC9183E,,,,,,,,,,,,,,,,,,,,,,,,,,,,1
AF4C9E3A29868E40BF65D1998CC9183E,,2,,,,2020년 만료 라이센스,,,,,있음,,1,33740080,17.0126449,28000000,28000000,,"28,000,000",,,,,,,,"* SOLIDWORKS FLOW
 - 1년 기준 4,000,000 X 4 = 16,000,000
 - 만료3년 + 신규 1년 : 합계 4년 

* SOLIDWORKS PRE1
 - 1년 기준 3,000,000 X 4 = 12,000,000
 - 만료3년 + 신규 1년 : 합계 4년",2
AF4C9E3A29868E40BF65D1998CC9183E,,,,,,,,,,,,,,,,,,,,,,,,,,,,3
AF4C9E3A29868E40BF65D1998CC9183E,,3,,,,2022년 만료 라이센스,,,,,있음,,1,10508460,14.35471991,9000000,9000000,,"9,000,000",,,,,,,,"
* SOLIDWORKS PRE1
 - 1년 기준 3,000,000 X 3 = 9,000,000
 - 만료2년 + 신규 1년 : 합계 3년",4
B68346E41593424697A24C1CB87A4157,,,,,,[신규 라이선스 구매],,,,,,,,,,,,,,,,,,,,,,0
B68346E41593424697A24C1CB87A4157,,1,,,,SOLIDWORKS Professional with Cloud,,,,,,,1,,,"13,000,000","13,000,000",,"13,000,000",,,,,,,,,1
B68346E41593424697A24C1CB87A4157,,01월 01일,,,,Nego,,,,,,,1,,,"-2,000,000","-2,000,000",,"-2,000,000",,,,,,,,,2
B68346E41593424697A24C1CB87A4157,,,,,,최종 금액,,,,,,,1,,,"11,000,000","11,000,000",,"11,000,000",,,,,,,,,3
B68346E41593424697A24C1CB87A4157,,,,,,,,,,,,,,,,,,,,,,,,,,,,4
B68346E41593424697A24C1CB87A4157,,,,,,,,,,,,,,,,,,,,,,,,,,,,5
B68346E41593424697A24C1CB87A4157,,2,,,,SOLIDWORKS Premium with Cloud,,,,,,,1,,,"16,000,000","16,000,000",,"16,000,000",,,,,,,,,6
B68346E41593424697A24C1CB87A4157,,02월 01일,,,,Nego,,,,,,,1,,,"-2,000,000","-2,000,000",,"-2,000,000",,,,,,,,,7
B68346E41593424697A24C1CB87A4157,,,,,,최종 금액,,,,,,,1,,,"14,000,000","14,000,000",,"14,000,000",,,,,,,,,8
B68346E41593424697A24C1CB87A4157,,,,,,,,,,,,,,,,,,,,,,,,,,,,9
B68346E41593424697A24C1CB87A4157,,3,,,,Draftsight Enterprise (2D CAD),,,,,있음,,1,,,2000000,2000000,,"2,000,000",,,,,,,," - 첫 구축 시 2 copy 가 기본 수량이며 이후 1copy 씩 추가하실 수 있습니다.
 - 본 제품은 1 Year 유지보수가 포함되어 있습니다.",10
B68346E41593424697A24C1CB87A4157,,,,,,,,,,,,,,,,,,,,,,,,,,,,11
B68346E41593424697A24C1CB87A4157,,,,,,************상기 공통 사항***********,,,,,있음,,,,,,,,,,,,,,,," - 패키지 별 세부 기능은 첨부한 솔리드웍스 기능 소개서 참고 바랍니다.
 - SOLIDWORKS 제품에는 Subscription  Service 2 Year 가 포함되어 있습니다.",12
B6B674CF24145F4BA4ED2932AE89F0FF,,1,00.Subscription Service,,SOLIDWORKS Subscription Service,GstarCAD Professional 1+1 (영구 라이센스),,,,,,,1,"1,450,000",3.45,"1,400,000","1,400,000",,"1,400,000",,,,,,,,,0
C9C5B19D9DCC81488C47898A497A19A4,,1,01.SolidWorks 관련,Dassault Systemes SolidWorks Corp.,SOLIDWORKS,SOLIDWORKS Premium,software,Licence,,Seat,있음,Seat,4,"21,266,640",24.76,"16,000,000","64,000,000",,"64,000,000",,,,,,,," - SOLIDWORKS Design Software (Part, Assembly, Drawing)
 - Sheetmetal Design Module (판금)
 - Surface Design Module (곡면 모델링)
 - SOLIDWORKSs Explorer
 - Flow XPress (유동의 흐름 Viewing)
 - DFM XPress (가공 시 에러 발생 부분 분석)
 - DriveWorks XPress (유사한 제품 시리즈 생성)
 - Physical Simulation and Animation (동영상 제작)
 - SOLIDWORKS eDrawings
 - SOLIDWORKS Utilities (데이타 비교)
 - FeatureWorks (작업 이력 생성)
 - 3D 파단도
 - 3D Instant Website (웹게시판)
 - SOLIDWORKS eDrawings Professional
 - SOLIDWORKS Toolbox (라이브러리)
 - PhotoView360 (실사 이미지 제작)
 - Task Scheduler (작업 스케줄러)
 - Design Checker (도면 비교 분석)
 - SOLIDWORKS PDM Standard (설계 데이터 관리 프로그램)
 - TolAnalyst (공차해석)
 - SOLIDWORKS ScadTo3D (3D 스캔data를 3D 파일로 변환)
 - SOLIDWORKS Visualize Standard (Rendering_이미지)
 - CircuitWorks (ECAD 데이타 호환)
 - Costing (제품 원가 계산)
 - SOLIDWORKS Motion (구동 해석)
 - SOLIDWORKS Simulation (설계자용 구조해석)
 - SOLIDWORKS Routing (파이프와 배선, 하네스 설계)
 - Sustainability
 - Assembly Costing (제품 원가 계산)
 - Surface 전개",0
C9C5B19D9DCC81488C47898A497A19A4,,,,,,,,,,,,,,,,,,,,,,,,,,,,3
C9C5B19D9DCC81488C47898A497A19A4,,,,,,** 참고 사항 **,,,,,있음,,,,,,,,,,,,,,,," ◆ 2023년 07월부터 개발사 다쏘시스템의 License & Subscription 정책 변경
 ◆ Perpetual License 신규 구매 시, Subscription 2 year 기본 포함
 ◆ Perpetual License 신규 구매 시, Cloud Connector Package 기본 포함",4
C9C5B19D9DCC81488C47898A497A19A4,,,00.Subscription Service,,,** Subscription Service **,,,,,있음,,,,,,,,,,,,,,,," - 설치 매뉴얼 제공
 - 차기 버전 Upgrade 2회
 - On-Line 기술 지원 (전화 및 원격지원)
 - nodeDATA 교육 : On/Off Line 참여
 - nodeDATA 세미나
 - nodeDATA 홈페이지 로열 회원 등급 부여(기술 문서 및 동영상 열람)
 - 최신 뉴스레터 제공
 - Disable Request Service 제공 (라이선스 재 활성)",5
C9C5B19D9DCC81488C47898A497A19A4,,,,,,최종 할인,,,,,,,,,,"-8,400,000","-8,400,000",,"-8,400,000",,,,,,,,,6
C9C5B19D9DCC81488C47898A497A19A4,,,,,,,,,,,,,,,,,,,,,,,,,,,,1
C9C5B19D9DCC81488C47898A497A19A4,,2,01.SolidWorks 관련,,SOLIDWORKS Composer,SOLIDWORKS Composer,,,,,있음,,1,"23,500,000",14.89,"20,000,000","20,000,000",,"20,000,000",,,,,,,," - 기술 도해
 - 분해도
 - 조립 지침서
 - 제조,공정 지침서
 - 현장 서비스 메뉴얼
 - 현장 서비스 가이드 
 - 제품 및 웹 카달로그
 - 마케팅 자료",2
D2E324099297AD4EBF3122A2037F2D9F,,,,,,[시험 조건에 따른 구조 안전성 검토],,,,,,,1식,3주,-333333233.3,10000000,10000000,,"10,000,000",,,,,,,,,0
D2E324099297AD4EBF3122A2037F2D9F,,1,,,,해석 내용,,,,,있음,,,,,,,,,,,,,,,,"- W 9000 × L 9200 × H 8750 × Wall Thickness 350 (mm) / Upper Wall Thickness 150 (mm)로 건축 업체에서 콘크리트 건축 공사 실시

- 엔솔(주)에서 콘크리트 내부(방폭챔버룸)에 압력 기준 1 bar에 만족하는 철근 구조물로 추가 보강 필요",1
D2E324099297AD4EBF3122A2037F2D9F,,,,,,,,,,,,,,,,,,,,,,,,,,,,2
D2E324099297AD4EBF3122A2037F2D9F,,2,,,,해석 범위,,,,,있음,,,,,,,,,,,,,,,,"- 철판 구조물이 1 bar[철판 두께 6t]의 내압(정압) 능력 만족 여부

- 건축업체에서 진행하는 철근 콘크리트가 1 bar에 만족하는 해석 자료

1. 콘크리트 구조물 (1bar)

2. 철근 구조물 (1bar)

3. 콘크리트 구조물 + 철근 구조물 (1bar)",3
D2E324099297AD4EBF3122A2037F2D9F,,,,,,,,,,,,,,,,,,,,,,,,,,,,4
D2E324099297AD4EBF3122A2037F2D9F,,3,,,,결과 제공,,,,,있음,,,,,,,,,,,,,,,,1) 해당 시험 조건 시뮬레이션 결과 제공,5
D2E324099297AD4EBF3122A2037F2D9F,,,,,,------   이   하   여   백   ------,,,,,,,,,,,,,,,,,,,,,,6
D8E22168E26AA84EB4164FB30EEB96FC,,1,01.SolidWorks 관련,Dassault Systemes SOLIDWORKS Corp.,SOLIDWORKS,SOLIDWORKS Standard,software,Licence,,Seat,있음,Seat,1,"13,556,340",33.61,"9,000,000","9,000,000",,"9,000,000",,,,,,,,"■ SOLIDWORKS Design Software (Part, Assembly, Drawing)
 - Sheetmetal Design Module (판금)
 - Surface Design Module (곡면 모델링)
 - SOLIDWORKSs Explorer
 - Simulation XPress (단품 구조해석)
 - Flow XPress (유동의 흐름 Viewing)
 - DFM XPress (가공 시 에러 발생 부분 분석)
 - DriveWorks XPress (유사한 제품 시리즈 생성)
 - Physical Simulation and Animation (동영상 제작)
 - SOLIDWORKS eDrawings
 - SOLIDWORKS Utilities (데이타 비교)
 - FeatureWorks (작업 이력 생성)
 - 3D 파단도",0
D8E22168E26AA84EB4164FB30EEB96FC,,,,,,,,,,,,,,,,,,,,,,,,,,,,1
D8E22168E26AA84EB4164FB30EEB96FC,,2,01.SolidWorks 관련,Dassault Systemes SolidWorks Corp.,SOLIDWORKS,SOLIDWORKS Professional,software,Licence,,Seat,있음,Seat,1,"16,252,540",32.32,"11,000,000","11,000,000",,"11,000,000",,,,,,,,"■ SOLIDWORKS Standard 포함
 - SOLIDWORKS eDrawings Professional
 - SOLIDWORKS Toolbox (라이브러리)
 - PhotoView360 (실사 이미지 제작)
 - Task Scheduler (작업 스케줄러)
 - Design Checker (도면 비교 분석)
 - SOLIDWORKS PDM Standard (설계 데이터 관리 프로그램)
 - TolAnalyst (공차해석)
 - SOLIDWORKS ScadTo3D (3D 스캔data를 3D 파일로 변환)
 - SOLIDWORKS Visualize Standard (Rendering_이미지)
 - CircuitWorks (ECAD 데이타 호환)
 - Costing (제품 원가 계산)",2
D8E22168E26AA84EB4164FB30EEB96FC,,,,,,,,,,,,,,,,,,,,,,,,,,,,3
D8E22168E26AA84EB4164FB30EEB96FC,,3,01.SolidWorks 관련,Dassault Systemes SolidWorks Corp.,SOLIDWORKS,SOLIDWORKS Premium,software,Licence,,Seat,있음,Seat,1,"21,266,640",34.17,"14,000,000","14,000,000",,"14,000,000",,,,,,,,"■ SOLIDWORKS Professional 포함
 - SOLIDWORKS Motion (구동 해석)
 - SOLIDWORKS Simulation (설계자용 구조해석)
 - SOLIDWORKS Routing (파이프와 배선, 하네스 설계)
 - Sustainability
 - Assembly Costing (제품 원가 계산)
 - Surface 전개",4
D8E22168E26AA84EB4164FB30EEB96FC,,,,,,,,,,,,,,,,,,,,,,,,,,,,5
D8E22168E26AA84EB4164FB30EEB96FC,,4,00.Subscription Service,,,+++ 상기 공통 사항 +++,,,,,있음,,1,,,,,,,,,,,,,,"■ 솔리드웍스 유지보수 서비스 : 24개월
    클라우드 버전 플랫폼 SOLIDWORKS 데이터 공유 및 프로젝트 관리 
 #. DX TOOL 제공 : 노드데이타 개발 솔리드웍스 속성편집기(\2,000,000)
 - 설치 매뉴얼 제공
 - 차기 버전 Upgrade 1회
 - On/Off Line 기술 지원 (전화 및 원격지원, 방문 기술지원)
 - nodeDATA 교육 : On/Off Line 참여
 - Disable Request Service 제공 (라이선스 재 활성)
 - SOLIDWORKS CAM Standard (1,820,000원) : 유지보수 기간내 사용 가능
   (SOLIDWORKS Std 이상 구매시)
 - SOLIDWORKS Visualize Standard (2,527,200원) : 유지보수 기간내 사용 가능
   (SOLIDWORKS Pro 이상 구매시)",6
E05AEB9E7BA8BC4A8EEA78D1F7AC1FF2,,1,00.Subscription Service,Dassault Systemes SolidWorks Corp.,SOLIDWORKS Professional Subscription Service,SOLIDWORKS Professional Subscription Service,software,Stand Alone,,Seat,있음,Seat,1,"2,320,500",18.12,"1,900,000","1,900,000",,"1,900,000",,,,,,,," - 설치 매뉴얼 제공
 - 차기 버전 Upgrade 1회
 - On-Line 기술 지원 (전화 및 원격지원)
 - nodeDATA 교육 (1 Seat 당 1명 기준)
 - nodeDATA On-Line 교육(Webcast)
 - nodeDATA 세미나
 - nodeDATA 홈페이지 로열 회원 등급 부여
    - 기술 문서 및 동영상 열람
 - 최신 뉴스레터 제공
 - Disable Request Service(라이선스 재 활성)
 - DX TOOL 제공
 - SOLIDWORKS Customer Portal 이용 
    - Service Request / Enhancement Request / Knowledge Base
 - SOLIDWORKS Beta 체험 및 Awards
 - 계약기간 : 1년간 (2024.05.01 ~ 2025.04.30)
 - 대상 S/N : 9000 0299 0081 0703 Z2VX 4XC3",0
E05AEB9E7BA8BC4A8EEA78D1F7AC1FF2,,,,,,,,,,,,,,,,,,,,,,,,,,,,1
E05AEB9E7BA8BC4A8EEA78D1F7AC1FF2,,,00.Subscription Service,,,*** 추가 제공 Tool ***,,,,,있음,,,,,,,,,,,,,,,,"■ DX TOOL 제공 : 노드데이타 개발 솔리드웍스 속성편집기(\2,000,000)
  - 유지보수 기간 중 사용 가능",2
09179822C0EF924CB754A3A79352F05D,,1,01.SolidWorks 관련,Dassault Systemes SolidWorks Corp.,SOLIDWORKS,SOLIDWORKS Professional,software,Licence,,Seat,있음,Seat,1,"16,252,540",20.01250266,"13,000,000",13000000,,"13,000,000",,,,,,,," - SOLIDWORKS Design Software (Part, Assembly, Drawing)
 - Sheetmetal Design Module (판금)
 - Surface Design Module (곡면 모델링)
 - SOLIDWORKS eDrawings
 - FeatureWorks (작업 이력 생성)
 - 3D 파단도
 - SOLIDWORKS Toolbox (라이브러리)
 - PhotoView360 (실사 이미지 제작)
 - Task Scheduler (작업 스케줄러)",0
09179822C0EF924CB754A3A79352F05D,,2,00.Subscription Service,Dassault Systemes SolidWorks Corp.,SOLIDWORKS Professional Subscription Service,SOLIDWORKS Professional Subscription Service 2Year,software,Stand Alone,,Seat,있음,Seat,1,포함,,포함,포함,,,,,,,,,," - 설치 매뉴얼 제공
 - 차기 버전 Upgrade 2회
 - On-Line 기술 지원 (전화 및 원격지원)
 - nodeDATA 교육
 - Disable Request Service(라이선스 재 활성)
 - DX TOOL 제공
 - 계약기간 : 2년간",1
24AF0A135B4582499D81F1B11B4F1B79,,1,,,,SOLIDWORKS Standard with Cloud (영구라이선스),,,,,,,2,"10,500,000",14.29,"9,000,000","18,000,000",,"18,000,000",,,,,,,,,0
24AF0A135B4582499D81F1B11B4F1B79,,,,,,,,,,,,,,,,,,,,,,,,,,,,1
24AF0A135B4582499D81F1B11B4F1B79,,2,,,,SOLIDWORKS Subscription Service 2Year,,,,,있음,,1,포함,,포함,포함,,,,,,,,,," - 차기 버전 Upgrade 및 기술지원 (전화 및 원격지원)
 - nodeDATA 오프라인 및 온라인 교육 무상 지원
 - Disable Request Service(라이선스 재 활성)
 - 계약기간 : 2년간",2
24AF0A135B4582499D81F1B11B4F1B79,,,,,,,,,,,,,,,,,,,,,,,,,,,,3
24AF0A135B4582499D81F1B11B4F1B79,,3,,,,DX TOOL V 2.1  - 노드데이타 자체 개발 속성편집 S/W,,,,,있음,,2,"1,500,000",,포함,포함,,,,,,,,,,"1. 속성 편집
    - 주요 옵션 : 속성 수정 항목 파일 저장 & 불러오기
2. 파일 이름 변경
    - 주요 옵션 : 도면 포함, 파일 이름 일괄 변경
3. 파일 변환
    - SOLIDWORKS 도면 파일을 PDF, DXG, DWG 형식으로 변환 
4. 도면 작성
    - 업체 도면 템플릿을 이용하여 자동으로 대량의 도면 생성 
5. BOM 엑셀 출력
    - 주요 옵션 : 업체 양식 Customizing 가능 (비용 별도 협의)
6. 인쇄
    - 대량의 파일을 순차적으로 인쇄하는 기능",4
252D3DB7EAEB804396D31EB0222525A1,,1,01.SolidWorks 관련,Dassault Systemes SolidWorks Corp.,SOLIDWORKS,SOLIDWORKS Professional,software,Licence,,Seat,있음,Seat,1,"16,252,540",20.01,"13,000,000","13,000,000",,"13,000,000",,,,,,,," - SOLIDWORKS Design Software (Part, Assembly, Drawing)
 - Sheetmetal Design Module (판금)
 - Surface Design Module (곡면 모델링)
 - SOLIDWORKS eDrawings
 - FeatureWorks (작업 이력 생성)
 - 3D 파단도
 - SOLIDWORKS Toolbox (라이브러리)
 - PhotoView360 (실사 이미지 제작)
 - Task Scheduler (작업 스케줄러)",0
252D3DB7EAEB804396D31EB0222525A1,,2,00.Subscription Service,Dassault Systemes SolidWorks Corp.,SOLIDWORKS Professional Subscription Service,SOLIDWORKS Professional Subscription Service 2Year,software,Stand Alone,,Seat,있음,Seat,1,포함,,포함,포함,,,,,,,,,," - 설치 매뉴얼 제공
 - 차기 버전 Upgrade 2회
 - On-Line 기술 지원 (전화 및 원격지원)
 - nodeDATA 교육
 - Disable Request Service(라이선스 재 활성)
 - DX TOOL 제공
 - 계약기간 : 2년간",1
6A035214F024B44B9B0BCF0C44A39927,,,,,,,,,,,,,,,,,,,,,,,,,,,,1
6A035214F024B44B9B0BCF0C44A39927,,,,,,*** 고객 정보 ***,,,,,있음,,,,,,,,,,,,,,,,"  1. 사업자번호 : 327-81-01897
  2. 상호명 : 테넷
  3. 주소지 : 경기도 시흥시 엠티브이 25로 58번길 17(정왕동)
  4. 담당자 : 소용호 부장 / 010-5462-3663 / tenet21@naver.com",2
6A035214F024B44B9B0BCF0C44A39927,,1,,,,AutoCAD - 1Year (갱신),,,,,,,3,,,2270000,6810000,,"6,810,000",,,,,,,,,0
793E9320592C7C4DA607A2CCC645C095,,,,,,,,,,,,,,,,,,,,,,,,,,,,3
793E9320592C7C4DA607A2CCC645C095,,,00.Subscription Service,,,+++ 상기 공통 사항 +++,,,,,있음,,,,,,,,,,,,,,,," - 설치 매뉴얼 제공
 - 차기 버전 Upgrade 1회
 - On-Line 기술 지원 (전화 및 원격지원)
 - nodeDATA 교육 (1 Seat 당 1명 기준)
    - 쿠폰 2장 제공
 - nodeDATA On-Line 교육(Webcast)
 - nodeDATA 세미나
 - nodeDATA 홈페이지 로열 회원 등급 부여
    - 기술 문서 및 동영상 열람
 - 최신 뉴스레터 제공
 - Disable Request Service(라이선스 재 활성)
 - ND Rename Standard 제공
 - SOLIDWORKS Customer Portal 이용 
    - Service Request / Enhancement Request / Knowledge Base
 - SOLIDWORKS Beta 체험 및 Awards
 - 계약기간 : 1년간 (2024.04.01 ~ 2025.03.31)",4
793E9320592C7C4DA607A2CCC645C095,,,,,,,,,,,,,,,,,,,,,,,,,,,,5
793E9320592C7C4DA607A2CCC645C095,,,,,,NEGO,,,,,,,,,,-600000,-600000,,"-600,000",,,,,,,,,6
793E9320592C7C4DA607A2CCC645C095,,1,00.Subscription Service,Dassault Systemes SolidWorks Corp.,SOLIDWORKS Professional Subscription Service,SOLIDWORKS Professional Subscription Service (network),software,Stand Alone,,Seat,있음,Seat,1,"2,320,500",-12.04,"2,600,000","2,600,000",,"2,600,000",,,,,,,, - 대상 S/N : 9010 0500 4214 6892 23TN HBG4,0
793E9320592C7C4DA607A2CCC645C095,,2,00.Subscription Service,"SolidWorks Co., LTD.",SOLIDWORKS Simulation,SOLIDWORKS Simulation Professional Subscription Service (network),,,,,있음,,1,"3,000,000",-20,"3,600,000","3,600,000",,"3,600,000",,,,,,,, - 대상 S/N : 9010 0500 4214 6892 23TN HBG4,1
793E9320592C7C4DA607A2CCC645C095,,3,00.Subscription Service,Dassault Systemes SolidWorks Corp.,SOLIDWORKS Subscription Service,SOLIDWORKS Premium Subscription Service,software,Stand Alone,,Seat,있음,Seat,1,"3,071,900",-10.68,"3,400,000","3,400,000",,"3,400,000",,,,,,,, - 대상 S/N : 9000 0501 0424 5130 8P4M M4K4,2
833A363DFE1B6E4BBCD758775788E864,,1,,,,GstarCAD 2024 Pro NodeLock 1+1,,,,,있음,,2,,,1015000,2030000,,"2,030,000",,,,,,,," - 고객정보 : 주식회사 케이에스
 - 주소 : 경기도 평택시 진위면 동천1길 28",0
AD106A4EF8C5D84ABEF1B971A2AAEF04,,,,,,[신규 라이선스 구매],,,,,,,,,,,,,,,,,,,,,,0
AD106A4EF8C5D84ABEF1B971A2AAEF04,,1,,,,SOLIDWORKS Professional with Cloud,,,,,있음,,1,,,"13,000,000","13,000,000",,"13,000,000",,,,,,,," - 세부기능 첨부한 솔리드웍스 기능 소개서 참고 바랍니다.
 - Subscription Service 2Year 포함",1
AD106A4EF8C5D84ABEF1B971A2AAEF04,,,,,,[유지보수 갱신],,,,,,,,,,,,,,,,,,,,,,2
AD106A4EF8C5D84ABEF1B971A2AAEF04,,02월 01일,00.Subscription Service,,Full Subscription Backdating,Subscription Backdating,,,,,있음,,1,"56,093,700",96.29,"2,080,000","2,080,000",,"2,080,000",,,,,,,," - Sub 만료일로부터 재갱신 전월까지의 누적 비용
 - 유효기간 내 계약 기준 : 만료일(2023.05) 11개월 적용
   * SOLIDWORKS Professional License [1 seat]
     - (\2,500,000 / 12개월) X 10개월 = \2,080,000",4
AD106A4EF8C5D84ABEF1B971A2AAEF04,,2,00.Subscription Service,Dassault Systemes SolidWorks Corp.,SOLIDWORKS Professional Subscription Service,SOLIDWORKS Professional Subscription,software,Stand Alone,,Seat,있음,Seat,1,"15,319,200",83.68,"2,500,000","2,500,000",,"2,500,000",,,,,,,," - 라이선스 정보: 9000 0110 1530 7600 8CR8 WX63
 - 유지보수 만료일: 2023년  05월  (11개월)",3
AD106A4EF8C5D84ABEF1B971A2AAEF04,,3,00.Subscription Service,Dassault Systemes SolidWorks Corp.,SOLIDWORKS Professional Subscription Service,SOLIDWORKS Professional Subscription,software,Stand Alone,,Seat,있음,Seat,2,"15,319,200",83.68,"2,500,000","5,000,000",,"5,000,000",,,,,,,," - 라이선스 정보
    9000 0166 1497 0724 GMZR SVJ5
    9000 0169 2250 0635 FJVN 6DF7
 - 유지보수 만료일: 2019년  06월  (4년 10개월)",5
AD106A4EF8C5D84ABEF1B971A2AAEF04,,03월 01일,00.Subscription Service,,Full Subscription Backdating,Full Subscription Backdating,,,,,있음,,2,"56,093,700",86.63,"7,500,000","15,000,000",,"15,000,000",,,,,,,," - Sub 만료일로부터 재갱신 전월까지의 누적 비용
 - 유효기간 내 계약 기준 : 만료일(2019.06) 36개월 적용
   * SOLIDWORKS Professional License [2 seats]
     - \2,500,000 x 3년 = \7,500,000",6
FAC9A61BA6738B45B97DDDECBA6252DD,,1,00.Subscription Service,Dassault Systemes SolidWorks Corp.,SOLIDWORKS Professional Subscription Service,SOLIDWORKS Professional Subscription Service,software,Stand Alone,,Seat,있음,Seat,1,"2,320,500",5.19,"2,200,000",2200000,,"2,200,000",,,,,,,," - 대상 S/N : 9000 0298 1152 7366 277X F4FJ
                   9000 0298 1151 0516 KJCX Y899
                   9000 0260 5997 8045 M5YW 4RJ8
                   9000 0091 2259 1426 MJXC TP4D
 - 갱신 시 Cloud 포함 제품으로 변경",0
FAC9A61BA6738B45B97DDDECBA6252DD,,01월 01일,00.Subscription Service,,Full Subscription Backdating,Full Subscription Backdating,,,,,있음,,1,"2,400,000",-75,"4,200,000",4200000,,"4,200,000",,,,,,,," - SS 만료일로 부터 재갱신 전달까지 지불되지 않은 SS 비용
 - 2024년 4월 진행 기준
    - 2022년 4월 30일 만료(23개월)",1
FAC9A61BA6738B45B97DDDECBA6252DD,,,,,,,,,,,,,,,,,,,,,,,,,,,,2
FAC9A61BA6738B45B97DDDECBA6252DD,,2,00.Subscription Service,"SolidWorks Co., LTD.",SOLIDWORKS Simulation Subscription Service,SOLIDWORKS Simulation Premium Subscription Service(Network License),software,Stand Alone,,Seat,있음,Seat,1,"5,250,000",4.76,"5,000,000","5,000,000",,"5,000,000",,,,,,,, - 대상 S/N : 9010 0298 1150 5615 XD2Q TXGD,3
FAC9A61BA6738B45B97DDDECBA6252DD,,02월 01일,00.Subscription Service,,Full Subscription Backdating,Full Subscription Backdating,,,,,있음,,1,"2,400,000",-295.83,"9,500,000","9,500,000",,"9,500,000",,,,,,,," - SS 만료일로 부터 재갱신 전달까지 지불되지 않은 SS 비용
 - 2024년 4월 진행 기준
    - 2022년 4월 30일 만료(23개월)",4
FAC9A61BA6738B45B97DDDECBA6252DD,,,,,,,,,,,,,,,,,,,,,,,,,,,,5
FAC9A61BA6738B45B97DDDECBA6252DD,,3,00.Subscription Service,"SolidWorks Co., LTD.",SOLIDWORKS Flow Simulation - Subscription Service,SOLIDWORKS Flow Simulation Subscription Service,software,Stand Alone,,Seat,있음,Seat,1,"4,600,000",-10.87,"5,100,000","5,100,000",,"5,100,000",,,,,,,," - Electronic Module 포함
 - 대상 S/N : 9000 0231 6264 6272 Y4TV 4Z42",6
FAC9A61BA6738B45B97DDDECBA6252DD,,03월 01일,00.Subscription Service,,Full Subscription Backdating,Full Subscription Backdating,,,,,있음,,1,"2,400,000",-295.83,"9,500,000","9,500,000",,"9,500,000",,,,,,,," - SS 만료일로 부터 재갱신 전달까지 지불되지 않은 SS 비용
 - 2024년 4월 진행 기준
    - 2022년 4월 30일 만료(23개월)",7
FAC9A61BA6738B45B97DDDECBA6252DD,,,,,,,,,,,,,,,,,,,,,,,,,,,,8
FAC9A61BA6738B45B97DDDECBA6252DD,,,,,,,,,,,,,,,,,,,,,,,,,,,,9
FAC9A61BA6738B45B97DDDECBA6252DD,,,,,,,,,,,,,,,,,,,,,,,,,,,,10
FAC9A61BA6738B45B97DDDECBA6252DD,,4,00.Subscription Service,,,*** SS 세부사항 ***,,,,,있음,,1,,,,,,,,,,,,,,"■ 솔리드웍스 유지보수 서비스 : 12개월
 #. DX TOOL 제공 : 노드데이타 개발 솔리드웍스 속성편집기(\2,000,000)
 - 설치 매뉴얼 제공
 - 차기 버전 Upgrade 1회
 - On-Line 기술 지원 (전화 및 원격지원)
 - nodeDATA 교육 : On/Off Line 참여
 - nodeDATA 세미나
 - nodeDATA 홈페이지 로열 회원 등급 부여(기술 문서 및 동영상 열람)
 - 최신 뉴스레터 제공
 - Disable Request Service 제공 (라이선스 재 활성)",11
181117591B835840997D777CDCDB75BF,,1,01.SolidWorks 관련,Dassault Systemes SolidWorks Corp.,SOLIDWORKS,SOLIDWORKS Premium Network,software,Licence,,Seat,있음,Seat,1,"20,740,000",-25.36,"26,000,000","26,000,000",,"26,000,000",,,,,,,," - SOLIDWORKS Design Software (Part, Assembly, Drawing)
 - Sheetmetal Design Module (판금)
 - Surface Design Module (곡면 모델링)
 - 3D 파단도
 - SOLIDWORKS eDrawings Professional
 - SOLIDWORKS Toolbox (라이브러리)
 - PhotoView360 (실사 이미지 제작)
 - Task Scheduler (작업 스케줄러)
 - Design Checker (도면 비교 분석)
 - SOLIDWORKS PDM Standard (설계 데이터 관리 프로그램)
 - TolAnalyst (공차해석)
 - SOLIDWORKS ScadTo3D (3D 스캔data를 3D 파일로 변환)
 - SOLIDWORKS Visualize Standard (Rendering_이미지)
 - CircuitWorks (ECAD 데이타 호환)
 - Costing (제품 원가 계산)
 - SOLIDWORKS Motion (구동 해석)
 - SOLIDWORKS Simulation (설계자용 구조해석)
 - SOLIDWORKS Routing (파이프와 배선, 하네스 설계)
 - Sustainability
 - Assembly Costing (제품 원가 계산)
 - Surface 전개",0
181117591B835840997D777CDCDB75BF,,2,01.SolidWorks 관련,Trace Software International,SOLIDWORKS Electrical Professional,SOLIDWORKS Electrical Professional Network,software,Licence,,network,있음,License,1,"21,760,000",-35.57,"29,500,000","29,500,000",,"29,500,000",,,,,,,,"- SOLIDWORKS Electrical 2D 포함
   - 직관적인 전기 회로설계 Software
   - 전기, PLC 회로설계 자동화
   - 회로설계 프로젝트 관리
   - 연관 회로도 양방향 업데이트
   - 전기, PLC 라이브러리 제공
   - single line diagram 작성
   - cable 구성 및 간편한 wire 속성확인 및 선택
   - cable 연결정보 생성, 변경정보 자동 Update
   - 구성 부품 BOM 생성
 - SOLIDWORKS Electrical 3D 포함
   - SOLIDWORKS Electrical 2D 데이터 import
   - 2D 설계회로 3D자동 구성 및 확인
   - SOLIDWORKS Electrical 2D 와 SOLIDWORKS 양방향 Update
   - 케비넷, 덕트, 레일 등 3D 라이브러리 제공
   - 전장 부품 자동 조립, 자동 구성
   - SOLIDWORKS 도면 SOLIDWORKS Electrical 2D에서 확인
   - 부품 리스트 (BOM) 양방향 Update
   - 3D 전기배선 자동 작성 및 최적화
   - 전기배선길이 자동계산
   - 케이블 길이 및 속성 BOM작성
- 교육 2일 포함
- 라이브러리 구축 시 DATA Sheet 필요(고객이 제공 해 주어야 함) : 100개의 부품 무상 구축",1
181117591B835840997D777CDCDB75BF,,,00.Subscription Service,,,+++ 상기 공통 사항 +++,,,,,있음,,,,,,,,,,,,,,,," - 차기 버전 Upgrade 1회
 - On-Line 기술 지원 (전화 및 원격지원)
 - nodeDATA 교육
 - nodeDATA On-Line 교육 & 세미나
 - nodeDATA 홈페이지 기술 문서 및 동영상 열람
 - Disable Request Service(라이선스 재 활성)
 - 계약기간 : 기존 유지보수 날짜에 맞춰 기간 맞춤(총 4년 유지보수 포함)",2
585BD8F3C1E8A342BD781145D82415A8,,1,01.SolidWorks 관련,Dassault Systemes SolidWorks Corp.,SOLIDWORKS,SOLIDWORKS Premium with Cloud Services,software,Licence,,Seat,있음,Seat,2,"20,740,000",-2.7,"21,300,000","42,600,000",,"42,600,000",,,,,,,," - 유지보수 2년 포함(ALC)
    - 설치 매뉴얼 제공
    - 다운그레이드 지원은 당해년도 기준 하위 4개년도까지 가능 
    - 차기 버전 Upgrade 2회
    - On-Line 기술 지원 (전화 및 원격지원)
    - nodeDATA On·Off -Line 교육
    - 최신 뉴스레터 제공
    - Disable Request Service(라이선스 재 활성)
    - SOLIDWORKS Customer Portal 이용 
    - Service Request / Enhancement Request / Knowledge Base
 - SOLIDWORKS Professional 기능 포함
 - SOLIDWORKS Motion (구동 해석)
 - SOLIDWORKS Simulation (설계자용 구조해석)
 - SOLIDWORKS Routing (파이프와 배선, 하네스 설계)
 - Sustainability
 - Assembly Costing (제품 원가 계산)
 - Surface 전개
 - Collaborative Business Innovator
    SNS, 파일 공유, 뷰어, 검색 및 대시보드를 활용하여 효율적인 디지털 협업 환경 구축
 - Collaborative Industry Innovator
    데이터 기반의 협업 (데이터 수명 주기, 업무 관리 등) 이 가능 
 - SOLIDWORKS Connector
    3DEXPERIENCE platform에 SOLIDWORKS Data 저장",0
6D6146DB39A2F64D826B0B117ADC6DCE,,1,01.SolidWorks 관련,Dassault Systemes SolidWorks Corp.,SOLIDWORKS,SOLIDWORKS Professional,software,Licence,,Seat,있음,Seat,1,"16,252,540",13.86,"14,000,000","14,000,000",,"14,000,000",,,,,,,," - SOLIDWORKS Design Software (Part, Assembly, Drawing)
 - Sheetmetal Design Module (판금)
 - Surface Design Module (곡면 모델링)
 - SOLIDWORKSs Explorer
 - Simulation XPress (단품 구조해석)
 - Flow XPress (유동의 흐름 Viewing)
 - DFM XPress (가공 시 에러 발생 부분 분석)
 - DriveWorks XPress (유사한 제품 시리즈 생성)
 - Physical Simulation and Animation (동영상 제작)
 - SOLIDWORKS eDrawings
 - SOLIDWORKS Utilities (데이타 비교)
 - FeatureWorks (작업 이력 생성)
 - 3D 파단도
 - 3D Instant Website (웹게시판)
 - SOLIDWORKS eDrawings Professional
 - SOLIDWORKS Toolbox (라이브러리)
 - PhotoView360 (실사 이미지 제작)
 - Task Scheduler (작업 스케줄러)
 - Design Checker (도면 비교 분석)
 - SOLIDWORKS PDM Standard (설계 데이터 관리 프로그램)
 - TolAnalyst (공차해석)
 - SOLIDWORKS ScadTo3D (3D 스캔data를 3D 파일로 변환)
 - SOLIDWORKS Visualize Standard (Rendering_이미지)
 - CircuitWorks (ECAD 데이타 호환)
 - Costing (제품 원가 계산)

",0
6D6146DB39A2F64D826B0B117ADC6DCE,,,,,,,,,,,,,,,,,,,,,,,,,,,,1
6D6146DB39A2F64D826B0B117ADC6DCE,,,,,,※공통사항※,,,,,,,,,,,,,,,,,,,,,,2
6D6146DB39A2F64D826B0B117ADC6DCE,,,,,,3DEXPERIENCE CLOUD Platform,,,,,있음,,,,,,,,,,,,,,,,"- 3DSwymer(1)
 SNS, 파일 공유, 뷰어, 검색 및 대시보드를 활용하여 효율적인 디지털
협업 환경 구축
- Collaborative Industry Innovator(1)
 데이터 기반의 협업 (데이터 수명 주기, 업무 관리 등) 이 가능
- SOLIDWORKS Connector(1)
 3DEXPERIENCE platform에 SOLIDWORKS Data 저장",3
6D6146DB39A2F64D826B0B117ADC6DCE,,,,,,SOLIDWORKS Subscription Service Y2,,,,,있음,,,,,,,,,,,,,,,," - 설치 매뉴얼 제공
 - 차기 버전 Upgrade 2회
 - On-Line 기술 지원 (전화 및 원격지원)
 - nodeDATA 교육
 - Disable Request Service(라이선스 재 활성)
 - 계약기간 : 2년간
 - DX - TOOL",4
7401BDCA380CCE48A7FA0D528C552E17,,1,01.SolidWorks 관련,Dassault Systemes SolidWorks Corp.,SOLIDWORKS,SOLIDWORKS Premium with Cloud Services,software,Licence,,Seat,있음,Seat,1,"20,740,000",-2.54,"21,266,640","21,266,640",,"21,266,640",,,,,,,," - SOLIDWORKS Design Software (Part, Assembly, Drawing)
 - Sheetmetal Design Module (판금)
 - Surface Design Module (곡면 모델링)
 - Flow XPress (유동의 흐름 Viewing)
 - DFM XPress (가공 시 에러 발생 부분 분석)
 - DriveWorks XPress (유사한 제품 시리즈 생성)
 - Physical Simulation and Animation (동영상 제작)
 - SOLIDWORKS Utilities (데이타 비교)
 - FeatureWorks (작업 이력 생성)
 - 3D 파단도
 - SOLIDWORKS Toolbox (라이브러리)
 - PhotoView360 (실사 이미지 제작)
 - Task Scheduler (작업 스케줄러)
 - Design Checker (도면 비교 분석)
 - TolAnalyst (공차해석)
 - SOLIDWORKS ScadTo3D (3D 스캔data를 3D 파일로 변환)
 - CircuitWorks (ECAD 데이타 호환)
 - Costing (제품 원가 계산)
 - SOLIDWORKS Motion (구동 해석)
 - SOLIDWORKS Simulation (설계자용 구조해석)
 - SOLIDWORKS Routing (파이프와 배선, 하네스 설계)
 - Sustainability
 - Assembly Costing (제품 원가 계산)
 - Surface 전개
 - Collaborative Business Innovator
    SNS, 파일 공유, 뷰어, 검색 및 대시보드를 활용하여 효율적인 디지털 협업 환경 구축
 - Collaborative Industry Innovator
    데이터 기반의 협업 (데이터 수명 주기, 업무 관리 등) 이 가능 
 - SOLIDWORKS Connector
    3DEXPERIENCE platform에 SOLIDWORKS Data 저장",0
94A7223E261CBE48A91882C926D0B48E,,1,,,,AutoCAD ONE - 1Year 갱신,,,,,있음,,3,,,"2,400,000","7,200,000",,"7,200,000",,,,,,,," - 2D 형상 작성 및 편집
 - 솔리드, 서페이스 및 메쉬 객체가 있는 3D 모델 및 편집
 - 문자, 치수, 지시선, 및 테이블을 사용하여 도면에 주석 추가
 - 애드온 앱 및 API를 사용하여 사용자화
 - 리본 및 도구 팔레트 사용자 화
 - 객체 데이터를 테이블로 추출
 - PDF 파일을 첨부하고 데이터 가져오기
 - CAD 표준 적용 및 모니터링
 - 계약 번호 : 110003522909
 - 계약 기간 : 2023-04-11 ~ 2024-04-10",0
FDC877CAEF53A34CAFD241050D2BF66E,,1,00.Subscription Service,,SOLIDWORKS Subscription Service,SOLIDWORKS Standard Subscription Service,,,,,있음,,2,"2,478,420",19.3,"2,000,000","4,000,000",,"4,000,000",,,,,,,,"1) SOLIDWORKS Standard Subscription Service 3Year
     견적금액 6,000,000원
LC : 9000 0239 7324 9593 TTQM 5QGC

2) SOLIDWORKS Standard Subscription Service 3Year
     견적금액 6,000,000원
LC : 9000 0239 7323 3977 YBWK HF57",0
