거래코드,거래처코드,발행구분,거래구분,사업자번호,상호,성명,사업장주소,업태,종목,발행일자,거래내용,공급가액,세액,합계금액,결제유형,작성자,수정일자,최근사용자,transaction_contents,currency
51556FC5C906D2419B4D04336A9B1E08,0760CC9FE251EA4AB717F429DAA77B92,,,470-87-02116,탑이엠코리아 주식회사,김동철,부산광역시 사하구 하신중앙로 92(신평동),"제조업,서비스업","산업용기계,신재생에너지설계",2024-03-18 0:00,SOLIDWORKS 유지보수,-2000000,-200000,-2200000,현금,ksllkd,2024-03-18 0:00,ksllkd,,KRW
925D5536146C1441992A01CDB39CBB40,A3F3FB2DAB67BE4FB0D5948FCDF3DEE9,,,403-82-02289,원광대학교병원,서일영,전자북도 익산시 무왕로 895(신동),"의료업, 음식업 외","종합병원, 구내식당 외",2024-03-15 0:00,CD영상등록기 유지보수,3300000,330000,3630000,현금,ksllkd,2024-03-18 0:00,ksllkd,,KRW
A84459EF6A81C548B0D89109FC3A6871,93D58AF5916AB8419E907F45A4F98966,,,125-81-83648,㈜다람기술,문영기,경기도 평택시 서탄면 수월암길 15-21,제조업 외,"반도체장비및부품제조,전자부품및기기제조 외",2024-03-15 0:00,SOLIDWORKS Premium with Cloud Services외,56089620,5608962,61698582,현금,ksllkd,2024-03-15 0:00,ksllkd,,KRW
CA3C981F7676C44F9DBC1D9E6E7F7FC0,94B9D2B177B0AA418E07EC372AB12873,발행,,391-81-00905,㈜인피니티에코,김효준,"경기도 안양시 만안구 전파로 30, 8층 809호(안양동, 유천팩토피아)",제조업 외,"통신, 신재생에너지설비 외",2024-02-21 0:00,SOLIDWORKS Professional 사용권 비활성화외,500000,50000,550000,현금,ksllkd,2024-03-15 0:00,ksd2046,,KRW
25E11CAE1D64F2439AAC096A6DF6F27F,46D52D6ABAA08945A89A05369D8AF707,,,126-88-01594,주식회사 유트랙스,윤종철,"경기도 부천시 석천로 397, 102동 703호(삼정동, 부천테크노파크 쌍용3차)",제조업 외,"전기,전자 제품및부품 외",2024-03-14 0:00,SOLIDWORKS Premium 구매,9800000,980000,10780000,현금,ksllkd,2024-03-14 0:00,ksllkd,,KRW
6052C37DCD2A1E4592B19E1C38A35EAB,6F8023E941816146BBB831FEC6037A49,,,153-31-00142,신의테크놀러지,양연순외 1명,"인천광역시 부평구 부평대로 283, B동 B층 B116호~B118호(청천동, 부평우림라이온","제조업, 도매 및 소매업",중앙난방보일러 외,2024-03-14 0:00,알약 5.0 갱신,330000,33000,363000,현금,ksllkd,2024-03-14 0:00,ksllkd,,KRW
62DCBFDC63F20F41932C1089649B4418,23C7855A2036214AAFE1AF76CEE9B334,,,123-81-46502,㈜공진,"윤규중, 윤지우",경기도 군포시 당정로 10(당정동),"제조,도매",산업용핸들조립외,2024-03-11 0:00,SOLIDWORKS Premium,14000000,1400000,15400000,현금,ksllkd,2024-03-14 0:00,ksllkd,,KRW
A4086F916C59EA48994F44E078733C68,4433C091109675489C3D27F06D807CBC,,,122-81-59168,신의엔텍㈜,전영석,인천광역시 부평구 부평대로297번길 34,"제조,부동산업","전자부품및압력스위치,임대",2024-03-14 0:00,알약 5.0 갱신,210000,21000,231000,현금,ksllkd,2024-03-14 0:00,ksllkd,,KRW
B4CE4EB5919DB3459F4889F7304DC1DA,83A17DBE60735040B50E1C06DEA7B0BF,,,220-81-21888,유한회사 인스트론코리아,김형근,"서울특별시 강남구 영동대로 325 (대치동,에스타워 16층)",서비스 외,오파상 외,2024-03-13 0:00,SOLIDWORKS Professional Subscription,2000000,200000,2200000,현금,ksllkd,2024-03-14 0:00,ksllkd,,KRW
08BB5A19ECA95B43ADF3894037395DB2,115D343E41702947A9E775A7A6E5F166,,,134-86-20619,㈜에이피텍,주재철,인천광역시 연수구 벤처로100번길 34(송도동),"제조업,부동산","반도체,LCD,LED장비 외",2024-03-13 0:00,SOLIDWORKS 구조 해석 교육 및 프로젝트외,12000000,1200000,13200000,현금,ksllkd,2024-03-13 0:00,ksllkd,,KRW
14B27FA6DFA6354FA32FBA0721201F28,F3572F83CAEF3346A066FB517AC733CD,,,827-81-02362,한국피닉스전자 주식회사,박해룡,"경기도 용인시 기흥구 중부대로 184, 에이동 2309호(영덕동,힉스유타워)",제조업 외,전자부품 외,2024-03-13 0:00,SOLIDWORKS Premium with Cloud Services (PLC),21266640,2126664,23393304,현금,ksllkd,2024-03-13 0:00,ksllkd,,KRW
74E4FFA6BA29B44781F21E3B9601F745,2005BECD4CF5B54A9A6EB41E37B7DFF5,,,609-81-51867,㈜루텍,정창용,"경기 수원시 영통구 신원로 88 (신동,디지털엠파이어2 102동 610호~613호",제조,수배전반분전반및자동제어반외,2024-03-13 0:00,기구 설계 프로그램 (SolidWorks 2024) 유지 보수 건,39000000,3900000,42900000,현금,ksllkd,2024-03-13 0:00,ksllkd,,KRW
E4CDDF6BA212CE47A7F85442C9799114,D53FA0C58FC663459B7A6E6923BBC96D,,,125-81-19772,㈜티씨케이,"김영희, SHIN HIDEO",경기도 안성시 미양면 개정산업단지로 71,제조업,고순도흑연 및 탄소제품,2024-03-13 0:00,SOLIDWORKS Professional Subscription Service,2000000,200000,2200000,현금,ksllkd,2024-03-13 0:00,ksllkd,,KRW
722603260A9DC347A30A8A774EF0F1C2,24C3FA8E932A4D4B9AEF87F452E50CBF,,,106-86-66925,㈜하코그래픽솔루션 (HAKO GS),임미정,"서울특별시 용산구 서빙고로 67, 103동 3층 302호(용산동5가, 파크타워)","도소매,서비스",컴퓨터및주변기기,2024-03-12 0:00,SOLIDWORKS Subscription Service,9215000,921500,10136500,현금,ksllkd,2024-03-12 0:00,ksllkd,,KRW
ABA47C1A42ED904696C5293C99486E79,918538288861754DAF9B1926BE72438B,,,134-86-32681,동연환경기술 주식회사,김상렬,"경기도 화성시 남양읍 남양로 697, B동 501호(가야빌딩)","건설업,제조업 외",환경오염방지시설업 외,2024-03-12 0:00,SOLIDWORKS Professional,10300000,1030000,11330000,현금,ksllkd,2024-03-12 0:00,ksllkd,,KRW
3754E0C69D14C14798348C990AF58F75,A999FA8DA5F9CB4097E3EE778E6CDCA8,,,106-86-60713,주식회사 이엠데이타,하경열,"서울특별시 용산구 원효로128,3층303호(원효로3가,e-테크벨리오피스텔)",서비스 도매 및 소매업,소프트웨어개발및판매 컴퓨터주변기,2024-03-11 0:00,SOLIDWORKS Professional,14500000,1450000,15950000,현금,pshcan,2024-03-11 0:00,pshcan,,KRW
8D27A18B252CF4439FE31A3337EFBAC2,B31A9CC23E373B488D068C8371720DE1,발행,,129-86-30906,㈜인텔릭스,반천식,"경기도 성남시 분당구 판교로 700, E동 801호(야탑동,분당테크노파크)","제조업,서비스","임베디드하드웨어,연구및개발업",2024-02-27 0:00,SOLIDWORKS Professional,10500000,1050000,11550000,현금,ksllkd,2024-03-11 0:00,ksd2046,,KRW
16467E412769F449B2E4C0998DB10946,05C03BBD9DA47D44B0979F07EA764A52,,,256-81-03064,주식회사 메이크,"김재열, 양철승","경기도 광명시 일직로 43, 비동 2510호(일직동, 광명역 지아이디씨)",정보통신업,컴퓨터 시스템 통합 자문 및 구축 서비스업,2024-03-08 0:00,SOLIDWORKS 비활성화,300000,30000,330000,현금,ksllkd,2024-03-08 0:00,ksllkd,,KRW
63EF5E82E2DD96439B862A3D81C66F26,E02AF14A45FE1841BE5BD18252C9A8C2,발행,,318-81-00609,인투코어테크놀로지주식회사,엄세훈,"대전광역시 유성구 테크노4로 17, 비동 5층 514호(관평동, 비즈센터)","제조업,서비스",CO2분해장치 외,2024-03-08 0:00,CAM350+DFM Subscription,1850000,185000,2035000,현금,ksllkd,2024-03-08 0:00,hspark,,KRW
E54185EA530955499A2938D3F321257A,24C3FA8E932A4D4B9AEF87F452E50CBF,,,106-86-66925,㈜하코그래픽솔루션 (HAKO GS),임미정,"서울특별시 용산구 서빙고로 67, 103동 3층 302호(용산동5가, 파크타워)","도소매,서비스",컴퓨터및주변기기,2024-03-08 0:00,SOLIDWORKS Subscription Service,16300000,1630000,17930000,현금,ksllkd,2024-03-08 0:00,ksllkd,,KRW
15492348F0CC504F8C4B47573F7E5681,0929DD423478ED4F978BE79959BA32B6,,,367-86-00232,비나에프씨엠 주식회사,전회권,"전라북도 전주시 덕진구 반룡로 85(팔복동2가, 트윈테크)",제조업,수소연료전지분리판,2024-03-07 0:00,SOLIDWORKS Subscription Service 이후 Disable,500000,50000,550000,현금,ksllkd,2024-03-07 0:00,ksllkd,,KRW
39432793C5CF4B46971218B014F572B6,1C1FAE3F31FCE34A8991294DDFEDC5F3,,,811-87-01244,주식회사 피엔티,김경용,경기도 파주시 파주읍 우계로 251-24,"제조업, 도매 및 소매업",LCD 반도체관련 기계 제조 외,2024-03-07 0:00,SOLIDWORKS 사용권 Disable(강제 비활성화),500000,50000,550000,현금,ksllkd,2024-03-07 0:00,ksllkd,,KRW
8E56B83ACE88B242858EE3C164142B31,04D63670CFA0B94EAAA2C7527359D67E,,,206-81-25312,㈜테크로스,"박규원,이동건","서울특별시 강남구 삼성로 528 (삼성동, 부방빌딩 1층)",제조업,"선박수리업, 환경측정기기및처리시스템",2024-02-29 0:00,HP WORKSTATION,8800000,880000,9680000,현금,ksllkd,2024-03-07 0:00,ksllkd,,KRW
1841B6F804393A4BB8375E267AC9EC8D,283B641B31FC0245A8F2B045B319F0A1,,,628-85-00936,효성중공업㈜ 창원1공장,YOKOTA TAKESHI,경상남도 창원시 성산구 연덕로 171(내동),"제조업,건설업","변압기,차단기,전동기,발전기 외",2024-02-29 0:00,3D 마이그레이션 외주 설계 용역비,11929124,1192912,13122036,현금,ksllkd,2024-03-06 0:00,ksllkd,,KRW
2C0D861FFE4699469D491F0F0A44C199,4D4D478F715B554D9DDB6B26978390F3,발행,,621-81-11977,㈜퓨트로닉,"고진호, 안중기",부산광역시 해운대구 반송로513번길 66-21(석대동),제조업,"전자정보통신기기, 자동차전장품",2024-02-26 0:00,SOLIDWORKS Subscription Service 외외,10000000,1000000,11000000,현금,ksllkd,2024-03-06 0:00,ksllkd,,KRW
7D9356A0C7E48E459672F6C3E5726A82,F7EA91ADCC9B334991E54167E7C45F48,발행,,119-86-65941,초이스테크닉스㈜ CHOIS TECHNICS CORP.,최연성,"서울특별시 금천구 가산디지털1로 70, 1002,1001,609호(가산동,호서대벤처타워)","제조업, 도매업, 도소매업","케이블하니스, 연결기, 전장품, 무역업",2024-03-06 0:00,SOLIDWORKS Pro & workstation 구매,13900000,1390000,15290000,현금,ksllkd,2024-03-06 0:00,ksllkd,,KRW
9FA2EE7401BDEE418CE6968DCABE1AAB,8CD9DAE84EE24B47BD588AC0B9417FFA,발행,,429-87-02286,셀로이드 주식회사,"김동성,민병혁","경상북도 포항시 남구 청암로 87,6층 626호(지곡동, 체인지업 그라운드)",서비스업,의료기기 및 의료용품 개발,2024-02-23 0:00,3DEXPERIENCE SOLIDWORKS Premium 1년 기간제,5700000,570000,6270000,현금,pshcan,2024-03-06 0:00,ksllkd,,KRW
CA6797D1C6576947AC318CDA6356F399,4D4D478F715B554D9DDB6B26978390F3,발행,,621-81-11977,㈜퓨트로닉,"고진호, 안중기",부산광역시 해운대구 반송로513번길 66-21(석대동),제조업,"전자정보통신기기, 자동차전장품",2024-02-26 0:00,SOLIDWORKS Subscription Service 외외,13600000,1360000,14960000,현금,ksllkd,2024-03-06 0:00,ksllkd,,KRW
7C42CE5D32E0814AAA69867121C7DF10,B0B287977A820D4283A0EFDD65ECA4D6,발행,,314-81-37934,㈜동양정공,최종진,전북 완주군 봉동읍 둔산리 870-10,"제조,도매",무기및총포탄외,2024-02-27 0:00,SOLIDWORKS Network 변경,15000000,1500000,16500000,현금,ksllkd,2024-03-05 0:00,minwooko,,KRW
F1BD705C9E9A4745ACB13829E976DF5A,ECEB1B17A35DD84D86793E8CB16D9BEA,,,137-03-75731,동성유공압㈜,김현근,경기도 김포시 양촌읍 황금3로7번길 48,"제조,도소매,부동산업","유압기계,유압기계부품,전대",2024-03-05 0:00,SOLIDWORKS 유지보수 및 업그레이드,8500000,850000,9350000,현금,ksllkd,2024-03-05 0:00,ksllkd,,KRW
4B4515AE208CA349A6CAED66D6C7B965,70581AB31463CF41AB1B9B2D6CEBC448,,,632-81-00126,㈜휴텍,"이윤수,정백진",경기도 화성시 정남면 정남산단1길 19,제조업 외,그 외 기타 특수 목적용 기계 제조업 외,2024-02-29 0:00,SOLIDWORKS Professional with Cloud Services,10500000,1050000,11550000,현금,ksllkd,2024-03-04 0:00,ksllkd,,KRW
649B4F4CA6A58C42A505DD749CE8E74D,D22734885ED99041A906F28E0A982FFC,,,324-09-02474,커넥트비,김지홍,"경기도 안산시 단원구 풍전로 37-9, 313동 217호(원곡동, 트리플렉스에이단지)",정보통신업,시스템 소프트웨어 개발 및 공급업,2024-02-29 0:00,SOLIDWORKS Premium,14000000,1400000,15400000,현금,ksllkd,2024-03-04 0:00,ksllkd,,KRW
76003A077AFBEE48AC7A0801DD571893,9638369E50B1ED4BB7B08CA1CFE7FE29,,,207-82-02115,건국대학교병원,유광하,서울특별시 광진구 능동로 120-1(화양동),보건업 외,종합병원 외,2024-03-04 0:00,CD영상등록기,510000,51000,561000,현금,ksllkd,2024-03-04 0:00,ksllkd,,KRW
1372E78F9F19D544A1550D8A66F986E5,F8BEA8A4C194C542846325454FF504F1,,,405-81-02181,㈜에이치알이앤아이_구)호룡,김동열,전라북도 김제시 만경읍 만경공단2길 73,제조 외,물품취급장비 외,2024-02-28 0:00,NAS,6950000,695000,7645000,현금,ksllkd,2024-02-29 0:00,ksllkd,,KRW
24BCDF8E44F56847AEF5E70A672E5839,0AEF2B27C100784E9D65C7F01E0B3334,,,792-12-00077,에이치에스산업,김호빈,경상남도 함안군 칠북면 덕남길 41,"제조업,전기업",철구조물부분품 외,2024-02-28 0:00,SOLIDWORKS,10000000,1000000,11000000,현금,ksllkd,2024-02-29 0:00,ksllkd,,KRW
2EC221C560126640B84447A08B5D5610,4CE57F311210874A99BB601557E03399,,,122-81-25877,오상자이엘㈜,"이극래, 김선기",인천광역시 부평구 육동로 36(부평동),"제조,서비스외",컴퓨터주변기기외,2024-02-29 0:00,Draftsight  DraftSight Enterprise,5400000,540000,5940000,현금,ksllkd,2024-02-29 0:00,ksllkd,,KRW
3266897A43CA564DB703CE1C689DBE30,BF536034C0DF58419A21FBC8C89DC211,,,312-86-37234,주식회사 영광와이케이엠씨,장관섭,충청남도 아산시 둔포면 아산밸리중앙로 161아산시 음봉면 연암율금로 77-34,제조업 외,금속제품표면처리 외,2024-02-27 0:00,ZWCAD,1200000,120000,1320000,현금,ksllkd,2024-02-29 0:00,ksllkd,,KRW
72D9F1292C880C4E84BCF69A979670C9,54A391DDE4045043A5DDCE4A40FE1B40,,,179-88-01958,주식회사 에프엘씨,우중범,"충청남도 천안시 서북구 직산읍 직산로 136, 충남테크노파크벤처관1202호","제조업,서비스업","반도체관련 부품, 장비 외",2024-02-29 0:00,SOLIDWORKS Professional외,41400000,4140000,45540000,현금,ksllkd,2024-02-29 0:00,ksllkd,,KRW
7E096ED4FEFF044894A185EFF0C4BC8F,BD8BF3C36FF47248841038BADCBBFCF9,,,659-61-00633,로지드,곽태광,"경기도 안양시 동안구 시민대로327번길 11-41, 9층 23-1호(관양동,안양창업지원센터",제조업 외,특수 목적용 기계 제조업 외,2024-02-28 0:00,3DEXPERIENCE SOLIDWORKS Professional Offer (YSC),4500000,450000,4950000,현금,ksllkd,2024-02-29 0:00,ksllkd,,KRW
8A614D73A965B9428EC8C17C55D02097,461D6E5F5DB24746987153C2FD552BB6,,,123-81-39826,㈜빅텍,임만규,경기도 이천시 마장면 덕이로 180-31,제조 외,"유,무선 통신 및 응용장치 외",2024-02-29 0:00,Draftsight Enterprise 유지보수,1050000,105000,1155000,현금,ksllkd,2024-02-29 0:00,ksllkd,,KRW
B3657D10185F804CA3F647F92F67AA98,A32D87328245B045B35CDCC13AEEFBE7,,,220-81-96244,㈜엔투비,이유경,"서울특별시 강남구 봉은사로 514 (삼성동,포스코타워-삼성) 11층",도소,MRO기업소모성자재,2024-02-27 0:00,포스코홀딩스_Solidworks professional 구매 件,6400000,640000,7040000,현금,ksllkd,2024-02-29 0:00,ksllkd,,KRW
B5F0A464023C7948A00B67625801438C,7303BB51A5D28F49A2E831A5AC6DC9C0,,,244-87-00483,대원테크,한용운,대전광역시 대덕구 대화로 32번길 132,제조업,산업기계제작,2024-02-29 0:00,대원테크 혁신바우처 잔금,6500000,650000,7150000,현금,ksllkd,2024-02-29 0:00,ksllkd,,KRW
E67D574C9D36294DA1A0C5FAAC15326E,09E225C8E47E9148967841C72BEFDC96,,,301-81-40239,㈜테크윈,정붕익,충북 청주시 흥덕구 직지대로 474번길 60(송정동),제조외,"설비제작,설치외",2024-02-29 0:00,SOLIDWORKS 유지보수,23800000,2380000,26180000,현금,ksllkd,2024-02-29 0:00,ksllkd,,KRW
F77D1A9E2039C74AAA08FF49BD5AF3C7,58BCDD5744D15146B4947AC523AFF4CB,,,613-81-22906,수시스템 주식회사,"오수관, 박선숙",경상남도 진주시 사봉면 산업단지로 110,"제조, 도매 및 소매업 외",산업용기계개발및제작 외,2024-02-29 0:00,DS ENT,2000000,200000,2200000,현금,ksllkd,2024-02-29 0:00,ksllkd,,KRW
8BB6B1D54A5C3A4989E39A469517999F,A543CCCB9BF174438A048797B86F8E79,발행,,184-86-01086,㈜유니퓨전,최천식,"대전광역시 유성구 대덕대로 530, 2층 라열 207호, 208호 209호(도룡동, 대덕첨",제조업,"기타 측정,시험,항해,제어 및 정밀 기기,제조",2024-02-21 0:00,SOLIDWORKS Premium 유지보수,4800000,480000,5280000,현금,ksllkd,2024-02-28 0:00,minwooko,,KRW
8FB50FF178D1C549AE696065AB02288C,9C172953F9740048BD99DAC28780DC67,발행,,215-86-35051,엘아이지넥스원 주식회사,김지찬,경기도 성남시 분당구 판교로 333 LIG넥스원,"제조, 도매,  서비스업",전자기계기구 외,2024-02-26 0:00,SOLIDWORKS Professional Network with Cloud Services,48000000,4800000,52800000,현금,ksllkd,2024-02-28 0:00,ksllkd,,KRW
A8D8A32FE89954448A34FDAE81AE212C,E0DB3E7E1861E6469F9F7E267822584D,발행,,603-81-78965,㈜씨엔씨엔지니어링,박주호,부산광역시 사하구 감천항로190번안길 16(구평동),"제조, 서비스","기타특수목적용기계, 마그네트 외",2024-02-26 0:00,SPEEDWORKS 구독 (2024년 3월 1일 ~ 2025년 2월 28일),1200000,120000,1320000,현금,ksllkd,2024-02-28 0:00,ksd2046,,KRW
F01AA26D809F5D40B731176840167B4E,800DB4A14F3B944FBC630A8E0D2036B7,,,383-87-01128,㈜에노스,김요한,"경기도 시흥시 공단3대로 345, 사무동 2층(정왕동)","제조업,도소매업,서비스업",전자자동화설비 외,2024-02-27 0:00,SOLIDWORKS Premium Subscription,3800000,380000,4180000,현금,ksllkd,2024-02-28 0:00,ksllkd,,KRW
635EE939A8C57945ACBB8617D1397FAA,EB98F676ACC3C14AABE4D88B95687122,발행,,285-86-01278,주식회사 세종시스템,김민정,충청남도 아산시 신창면 서부북로 359번길 7,제조업 외,산업안전제품 외,2024-02-27 0:00,SOLIDWORKS Professional 유지보수,1800000,180000,1980000,현금,ksllkd,2024-02-27 0:00,minwooko,,KRW
7B44082A4640D84BA10507E41B4DE902,B39EB2FE537C9948A8840BD699F26C73,,,514-81-48161,한국엠엔씨 ㈜,김재국,대구광역시 동구 팔공로53길 151(봉무동),제조 외,"유공업실린더, 자동차부품",2024-02-27 0:00,GstarCAD,1200000,120000,1320000,현금,ksllkd,2024-02-27 0:00,ksllkd,,KRW
7F784333AA578544BBB1B587FF1C6A4B,9527034DBBAD034EA38B8CA366C2A57C,,,606-81-17929,㈜디제이에프,오영원,부산광역시 강서구 화전산단6로 59(화전동),"제조,부동산","관이음쇠,임대",2024-02-27 0:00,Draftsight 유지보수,2900000,290000,3190000,현금,ksllkd,2024-02-27 0:00,ksllkd,,KRW
A8BE9D06E683FA44A11749F76CBB608E,10131C48C8F6E945872853BA98E9CBAC,,,601-81-08158,㈜사라콤,고진호,부산 영도구 남항서로 6-11,제조,"정보통신기기방송장비(CCTV),해외탄광개발,지",2024-02-27 0:00,SOLIDWORKS Subscription Service,2355000,235500,2590500,현금,ksllkd,2024-02-27 0:00,ksllkd,,KRW
F8309B2DBC2817459B655E3B1A5F1A37,383EA0DF51E1564DAE90E230702B363B,,,269-81-03003,주식회사 한땀소프트,김원식,"울산광역시 중구 종가로 406-21, 씨동 350호(복산동)",도매 및 소매업 외,"컴퓨터 및 주변장치, 소프트웨어 도매업 외",2024-02-27 0:00,SOLIDWORKS Premium,14500000,1450000,15950000,현금,ksllkd,2024-02-27 0:00,ksllkd,,KRW
20200C5D601A2D408974EB79BC5063E9,6E31F3B0D818C1428ECC13981815B898,,,119-86-28311,㈜ 에이치원,조명근,"서울특별시 서초구 논현로11길 3 (양재동, 희성빌딩 6층)",서비스 외,소프트웨어개발및공급 외,2024-02-26 0:00,SOLIDWORKS 라이선스 구매,11500000,1150000,12650000,현금,ksllkd,2024-02-26 0:00,ksllkd,,KRW
25E032321D006941AAF5FC07F8009BF4,2FAB5A44B876734BA5940F24BF7BAD39,,,125-81-22281,㈜큐브릿지,이상민,"경기도 화성시 동탄물류로 48, 화성동탄물류단지 B블럭 2층(신동)",도매및상품중개업 외,"문구,의료용품,컴퓨터및주변기기판매 외",2024-02-26 0:00,SOLIDWORKS Subscription Service,18910000,1891000,20801000,현금,ksllkd,2024-02-26 0:00,ksllkd,,KRW
360101709B90F64882A82F4498EC800E,3A36B1384ECD7449802DDE81B6E0AB01,,,119-86-07451,㈜아이닉스디,최명용,경기도 안양시 만안구 덕천로10번길 1( 안양동),"제조업,도매,소매,부동산","시스템전자제품,임대",2024-02-26 0:00,SOLIDWORKS Premium Subscription 외,3200000,320000,3520000,현금,ksllkd,2024-02-26 0:00,ksllkd,,KRW
380FF9DE7CD1DF4A823EBF77AC815737,70581AB31463CF41AB1B9B2D6CEBC448,,,632-81-00126,㈜휴텍,"이윤수,정백진",경기도 화성시 정남면 정남산단1길 19,제조업 외,그 외 기타 특수 목적용 기계 제조업 외,2024-02-26 0:00,SOLIDWORKS Premium with Cloud Services,21266640,2126664,23393304,현금,ksllkd,2024-02-26 0:00,ksllkd,,KRW
3B449122144B7641B83A603635055C24,07A2EB560B88124C93C844BFF046CC38,발행,,495-82-00131,(학)일송학원 한강성심병원,윤대원,"서울특별시 영등포구 버드나무로7길 12(영등포동7가, 한강성심병원)",보건업 외,"종합, 한방병원 외",2024-02-22 0:00,rebless 소모품,204545,20455,225000,현금,ksllkd,2024-02-26 0:00,hwpark,,KRW
45067ABBEAA2EB40873C98C88F3D4CEC,01D103CBA4C3C54CB00E7EF6CF0DDB6B,발행,,824-88-01780,주식회사 하비스트,유성관,"경기도 화성시 동탄영천로 150, A동 9층 902,903호(영천동, 동탄실리콘앨리)",제조업,반도체 제조용 기계 제조업,2024-02-26 0:00,SOLIDWORKS Professional Subscription Service,4800000,480000,5280000,현금,ksllkd,2024-02-26 0:00,ksd2046,,KRW
A18DB1E9C965D44CB8B8DD05C508DCBD,6B06B8AB3AC9CA4DAE1CE3E2F3C70FF3,,,314-86-49551,주식회사 유니오텍,김진하,"대전광역시 유성구 테크노4로 17, B동 313호(관평동)","제조업,도소매 외",기타 광학 기기 제조업 외,2024-02-26 0:00,SOLIDWORKS 라이선스 구매 외 1,14500000,1450000,15950000,현금,ksllkd,2024-02-26 0:00,ksllkd,,KRW
B442F225BBF1324FBBE524DCE430FE8C,BF47E40B55BFBF46878A8C72736BED43,발행,,129-82-04787,(의) 대진의료재단분당제생병원,김재목,경기도 성남시 분당구 서현로180번길 20(서현동),"병원,부동산","종합병원,임대",2024-02-25 0:00,CD영상등록기 유지보수,477273,47727,525000,현금,ksllkd,2024-02-26 0:00,ksllkd,,KRW
C4BEB4E5422E7F468F16228860B18181,9159C1C26E086E4EAE70D61ED5CF3B66,,,116-02-15044,오원테크,최순식,"경기도 부천시 수도로 98, 3층(도당동)",제조업,"기계,기계부품",2024-02-26 0:00,ZWCAD 3D Standard,5300000,530000,5830000,현금,ksllkd,2024-02-26 0:00,ksllkd,,KRW
02752048DF68B9418F3604F1DA387B91,A581FF36A648894584EFCFBC0F238F5F,,,528-86-00410,주식회사 브이텐시스템,한규,경기도 오산시 외삼미로91번길 104,제조업 외,배전반 및 전기 자동제어반 제조업 외,2024-02-23 0:00,SOLIDWORKS Professional Subscription Service,5400000,540000,5940000,현금,pshcan,2024-02-23 0:00,pshcan,,KRW
0C97DFEE2E111D42A2A71B2C414555D5,E44F2D79B7D0744092D444C6F19DEE6C,,,578-87-00896,효성중공업㈜,"YOKOTA TAKESHI, 양동기",서울특별시 마포구 마포대로 119(공덕동),"제조업,건설업","변압기,전동기,차단기 외",2024-02-22 0:00,SOLIDWORKS Premium Subscription Service,3500000,350000,3850000,현금,ksllkd,2024-02-22 0:00,ksllkd,,KRW
0CB8A8099047C34994AEEBFD30F0CDB2,57F604022A1D23479E7B906A2639E9BD,,,137-81-58268,㈜아모그린텍,"김병규, 양성철",경기도 김포시 통진읍 김포대로1950번길 91,제조,전자부품,2024-02-22 0:00,SOLIDWORKS Professional Network Subscription Service 6month외,19000000,1900000,20900000,현금,ksllkd,2024-02-22 0:00,ksllkd,,KRW
13927C4D7E4B0643A7DF1514E5107337,E1126F06B184E94894D31DBAB9B17722,,,123-86-01285,㈜큐텔,권혁,경기도 시흥시 엠티브이25로58번길 58(정왕동),제조업 외,유무선통신방송기기 외,2024-02-21 0:00,SOLIDWORKS PRO 유지보수,2000000,200000,2200000,현금,ksllkd,2024-02-22 0:00,ksllkd,,KRW
34FF127FD856E94A8E70C87C6C365034,205D0F0C5242CF4590CBE1005F6E67D4,발행,,127-82-00198,(학)가톨릭학원의정부성모병원,한창희,경기도 의정부시 천보로 271(금오동),"의료, 소매 외",종합병원 외,2024-02-22 0:00,의정부성모병원(촬영실배정기),210000,21000,231000,현금,ksllkd,2024-02-22 0:00,ksllkd,,KRW
5711246B8A8C6C44BAB0B0CD8B7CF0F9,C8DD9971CB156C46BF5A7E8C6B67A51A,,,136-81-12269,㈜아모텍,"김병규,정준환","인천광역시 남동구 남동서로 380 (남촌동,남동공단5블럭 1롯트)","제조업,부동산업","전자부품, 임대",2024-02-22 0:00,SOLIDWORKS Professional Network Subscription Service 6month외,12000000,1200000,13200000,현금,ksllkd,2024-02-22 0:00,ksllkd,,KRW
59F7A7173C21D644A1AD920C383DE5B4,753E14520EBF114F822AB266F53316F6,발행,,116-82-02162,가톨릭대학교 여의도성모병원,윤승규,서울특별시 영등포구 63로 10(여의도동),의료업 외,종합병원 외,2024-02-22 0:00,CD영상등록기 유지보수,360000,36000,396000,현금,ksllkd,2024-02-22 0:00,ksllkd,,KRW
7D0C812CD304E74DA08F0F63C2D40699,EB9F24B2BCFBE34982CD302B53FB0684,,,314-81-40609,주식회사 랩스엠알오,원창희,대전광역시 유성구 대학로 291(구성동),도매 및 소매업 외,"과학기자재,연구시설장비 외",2024-02-21 0:00,SOLIDWORKS Subscription Service 외 3건,10800000,1080000,11880000,현금,ksllkd,2024-02-22 0:00,ksllkd,,KRW
7E79460399F60641A1F823D0EB6AB668,0C5246EBB32A2848AAE80BE703B0C73A,,,335-95-00260,아벤스병원,권오중,경기도 안양시 동안구 관평로 307(관양동),보건업,"재활의학과,내과,외과",2024-02-21 0:00,rebless 소모품,227273,22727,250000,현금,ksllkd,2024-02-22 0:00,ksllkd,,KRW
91D4F38A930F114091282C74618CF9F1,36E64F0A2425064C97505A4858E59129,,,118-83-00186,서울특별시보라매병원,이재협,서울특별시 동작구 보라매로5길 20(신대방동),"부동산업,보건업,서비스","임대,종합병원,장례업",2024-02-22 0:00,CD영상등록기,750000,75000,825000,현금,ksllkd,2024-02-22 0:00,ksllkd,,KRW
9C22CCE74397AD478DB837CF2107FB1E,A60AD825ACF26B4F8A921D928DC25296,발행,,336-81-02134,주식회사 위로보틱스,"김용재, 이연백","충청남도 천안시 동남구 병천면 충절로 1600, 208호(창업보육관)",제조업 외,산업용 로봇 제조업 외,2023-08-18 0:00,SOLIDWORKS Standard,9900000,990000,10890000,현금,ksllkd,2024-02-22 0:00,wjsdydtnr5,,KRW
A8BC31E6210B324CA359D3C9020AA8BA,A60AD825ACF26B4F8A921D928DC25296,발행,,336-81-02134,주식회사 위로보틱스,"김용재, 이연백","충청남도 천안시 동남구 병천면 충절로 1600, 208호(창업보육관)",제조업 외,산업용 로봇 제조업 외,2023-06-27 0:00,SOLIDWORKS 외,30000000,3000000,33000000,현금,ksllkd,2024-02-22 0:00,wjsdydtnr5,,KRW
AE835864E92B3741B496308755BD8DA5,0ECA04F72A975B499368BB189CD4FD9D,,,130-86-39741,동은정보기술주식회사,이해석,"경기도 부천시 길주로 281, 2층(중동, 동화빌딩)",서비스 외,소프트웨어개발및공급 외,2024-02-22 0:00,CD영상등록기 유지보수,400000,40000,440000,현금,ksllkd,2024-02-22 0:00,ksllkd,,KRW
B025FB3539A71B4DB0D8A79E51154200,789E4C45B907B444A854B14D60937342,발행,,114-82-00213,(학)가톨릭대학교 서울성모병원,윤승규,서울시 서초구 반포대로 222(반포동),"보건,소매,운수업,보동산업 및 임대서비스","종합병원,식잡,주차장운영업,자연과학 연구개발업",2024-02-22 0:00,CD영상등록기 유지보수,1200000,120000,1320000,현금,ksllkd,2024-02-22 0:00,ksllkd,,KRW
BD3C4C9B428D2F428E0BC6D02E19E659,16E5FB1616105F4AA7A1B67460636E19,,,137-81-91480,주식회사 아모센스,김인응,충청남도 천안시 서북구 직산읍 4산단5길 90(천안 제4지방산업단지 19-1블럭),제조업 외,"전자부품, 센서, LED 외",2024-02-22 0:00,SOLIDWORKS Standard Network Subscription 6month외,6700000,670000,7370000,현금,ksllkd,2024-02-22 0:00,ksllkd,,KRW
D50F49B78FEC4348BAC557F84893FE4C,3AAE84575E60EF4B96211AB7CC36E02A,,,219-82-00046,서울아산병원,박승일,서울특별시 송파구 올림픽로43길 88 (풍납동),"의료,제조업 외",종합병원 외,2024-02-22 0:00,CD영상등록기 유지보수,1720000,172000,1892000,현금,ksllkd,2024-02-22 0:00,ksllkd,,KRW
DADCC53725A8B749AE5226174140A5CE,205D0F0C5242CF4590CBE1005F6E67D4,발행,,127-82-00198,(학)가톨릭학원의정부성모병원,한창희,경기도 의정부시 천보로 271(금오동),"의료, 소매 외",종합병원 외,2024-02-22 0:00,의정부성모병원(CD영상등록기),170000,17000,187000,현금,ksllkd,2024-02-22 0:00,ksllkd,,KRW
EEEFB9491633114597709341CE4EE2C3,EE37CA3A0569B44B85C3D99954C8F38E,,,317-04-19161,플래니트,인충교,"충청북도 청주시 서원구 충대로 1, E9동 9층 970호 학연산공동기술연구원(개시동, 충북","서비스,제조업,도소매 외",소프트웨어개발.교육 외,2024-02-22 0:00,CD영상등록기,727273,72727,800000,현금,ksllkd,2024-02-22 0:00,ksllkd,,KRW
F92B839EACCC4848989815D51679A308,C39B9F3F1849B840BABE2F5136156AD7,,,305-82-03359,학교법인 을지학원 대전을지대학교병원,박준영,대전광역시 서구 둔산서로 95(둔산동),"보건업,서비스","종합병원, 일반, 요양병원 외",2024-02-22 0:00,CD영상등록기 유지보수,180000,18000,198000,현금,ksllkd,2024-02-22 0:00,ksllkd,,KRW
50C2B4CB34F8964981EB2173226391E3,E3E35CE00B24BA4B8D12D3787C6FA8DD,,,138-02-38498,한택산업,김한구,경기 안양시 만안구 안양동 218 명지e스페이스 104호,"기타기계및장비, 부동산","자동화설비, 임대",2024-02-21 0:00,SOLIDWORKS 사용권 강제 비활성화,500000,50000,550000,현금,ksllkd,2024-02-21 0:00,ksllkd,,KRW
6AAA1B4C35A50D49B4D6BCD9B808B1EB,08E6E13FEE1F7E45AB6576C71D1C5FE3,,,137-86-03356,주식회사 에어메이저,김영태,인천광역시 서구 장고개로126번길 3-1(가좌동),"제조업,발전전기업,도소매","산업용냉장및냉동장비, 공기조절장치",2024-02-21 0:00,SOLIDWORKS Subscription,8000000,800000,8800000,현금,ksllkd,2024-02-21 0:00,ksllkd,,KRW
8B695FE27F86764FA6C5AE857D8F579E,3CCD1EE74914174AA1E8231F296C140C,,,102-81-44360,히트솔루션 주식회사,최해경,부산광역시 강서구 녹산산단17로78번길 33(송정동),"서비스,제조업,도매",기계관련엔지니어링서비스 외,2024-02-21 0:00,SOLIDWORKS Premium,14500000,1450000,15950000,현금,ksllkd,2024-02-21 0:00,ksllkd,,KRW
A74F2F0AC5CF6A499F40D392BDE3480B,63B6D3671DB91A4BB6822B03B4E146EB,,,123-81-82677,주식회사 제이에스케이,조오식,경기도 수원시 권선구 산업로156번길 160(고색동),"제조,도매","자동화기계,반도체장비",2024-02-21 0:00,SOLIDWORKS Professional Subscription Service,9800000,980000,10780000,현금,ksllkd,2024-02-21 0:00,ksllkd,,KRW
0C7699237AFC504488A37B6C86373D06,47A8D500E77C9A49B2F2BF611635892C,,,612-81-53314,㈜케이씨텍,"최동규, 양호근","경기도 안성시 미양면 제2공단3길 12, 4공장","제조업, 부동산업",반도체제조용기계 평판디스플레이 제조용기계 외,2024-02-19 0:00,SOLIDWORKS 유지보수,188000000,18800000,206800000,현금,ksllkd,2024-02-19 0:00,ksllkd,,KRW
1C438B24593EE04FB7C1DA7519683F8C,281B2460FFF266419CC8FD98FD9C947F,,,593-86-00791,주식회사 쿠스코,이종득,경기도 안양시 동안구 흥안대로 457-42 (관양동),제조업,전자부품,2024-02-19 0:00,SOLIDWORKS 유지보수,2500000,250000,2750000,현금,ksllkd,2024-02-19 0:00,ksllkd,,KRW
326A05A8F357364B8AD37629DC08BC97,B95FAB43B4DB01499C5512781BF8FCDC,,,131-17-81659,문화티탄아트,김재갑,"인천광역시 남동구 청능대로 448번길 15(고잔동, 남동공단 104B/2L)","제조,도매","티타늄제품, 비철금속",2024-02-19 0:00,Draftsight Pro 라이선스 구매,450000,45000,495000,현금,ksllkd,2024-02-19 0:00,ksllkd,,KRW
0534F7B1583F874282C597A39E516B1F,A4C74152E5A82D439810C8EC802F103E,,,137-81-02916,㈜소프트센,ERTIAN SU,"서울특별시 서초구 반포대로 13, 1층(서초동, 아이티센빌딩)",서비스업 외,컴퓨터시스템통합자문 외,2024-02-16 0:00,SOLIDWORKS Professional,12500000,1250000,13750000,현금,ksllkd,2024-02-16 0:00,ksllkd,,KRW
951BEC86A902824BA933D4E68888905E,DE5A24B0E83CD44AA38BBDEF9FE860EB,,,124-86-80186,신흥에스이씨주식회사,황만용,경기도 오산시 양산로 48(서랑동),제조업,휴대폰배터리부품 외,2024-02-16 0:00,SOLIDWORKS Professional Subscription Service,2000000,200000,2200000,현금,ksllkd,2024-02-16 0:00,ksllkd,,KRW
D1A61843C5B7CB4480B1880573A9D589,F79541EA781913409FC4D83E76A77881,,,124-86-09960,주식회사 이티에이치,전명길,"경기 수원시 권선구 산업로156번길 197-40,1층(고색동)",제조 서비스,전자기측정시험분석기구외 소프트웨어자문외,2024-02-16 0:00,AutoCAD LT,540000,54000,594000,현금,ksllkd,2024-02-16 0:00,ksllkd,,KRW
4DC4C61EA21FCF4FAD44251AC1D2576A,B5F4EE659BBA204BB21DAB02B1FB3B73,,,127-81-58989,㈜인터엠,김주봉,"경기도 양주시 화합로1402번길 73, 1층(덕정동)",제조업.건설외,전자제품(음향기기외),2024-02-14 0:00,SOLIDWORKS Standard Subscription Service,6720000,672000,7392000,현금,ksllkd,2024-02-14 0:00,ksllkd,,KRW
99205E9D1276B846ADD0CB47A8A723CE,5256709FCD01E7418454F54C2D24B00D,,,134-81-54230,부커셰링코리아㈜,PETER GRAHAM RHODES(피터그라함,"경기도 시흥시 서해안로 258(정왕동, 시화공단 1나 210호)","제조,도매,서비스",특수목적용자동차조립외,2024-02-14 0:00,SOLIDWORKS Custom Education,3360000,336000,3696000,현금,ksllkd,2024-02-14 0:00,ksllkd,,KRW
41F7A028D16F5F47848815079F65CCA4,704C706F25B22F4EA394F93DC6C82929,,,137-81-99779,㈜두진하이테크,이성근,경기도 시흥시 정왕동 1265-1 시화공단 2라-202,"제조업,도매업","다이케스팅,금형제작,무역",2024-02-13 0:00,SOLIDWORKS Standard,8500000,850000,9350000,현금,ksllkd,2024-02-13 0:00,ksllkd,,KRW
58D049135AE44F4CA2774B2F7A8E9F63,9AF7E2827590804D9EDF7E89DB6DD738,,,181-86-00467,주식회사 브리츠테크놀로지,임철균,"대전광역시 대덕구 송촌로93번길 47, 1층(송촌동)",건설업 외,"전기차 충전소 설치, 신재생에너지 설비 설치",2024-02-13 0:00,SOLIDWORKS Professional,12000000,1200000,13200000,현금,ksllkd,2024-02-13 0:00,ksllkd,,KRW
68EA1C5137830548BEEA7FC98368FE44,ACAF8DDFFBA2BB47BE1871EDD9CEFFD9,,,606-81-75216,㈜알파로보틱스,한월숙,부산광역시 기장군 장안읍 명례산단7로 30,제조,산업용로봇 외,2024-02-13 0:00,SOLIDWORKS 구매건,8700000,870000,9570000,현금,ksllkd,2024-02-13 0:00,ksllkd,,KRW
9E451BBD5C559543AB829EB6E442A87A,ACAF8DDFFBA2BB47BE1871EDD9CEFFD9,,,606-81-75216,㈜알파로보틱스,한월숙,부산광역시 기장군 장안읍 명례산단7로 30,제조,산업용로봇 외,2024-02-13 0:00,SOLIDWORKS Subscription Service,4000000,400000,4400000,현금,ksllkd,2024-02-13 0:00,ksllkd,,KRW
C4796E32D0683B4B955FC31015E615FA,EF558BA2D64BB544930D44F5C94265FB,,,618-81-35110,㈜케이에이시스템,서정원,경기도 평택시 진위면 진위산단로 14,제조업,반도체장비,2024-02-13 0:00,SOLIDWORKS Premium with Cloud Services (PLC),63799920,6379992,70179912,현금,ksllkd,2024-02-13 0:00,ksllkd,,KRW
D0D22C8D442ABF449A473078E268EDC7,23B18CEA143DF347BD911D098307D988,,,220-90-63842,기쁨병원,강윤식,서울특별시 서초구 서초중앙로 4(서초동),보건업,"일반외과,내과,마취과,산부인과",2024-02-10 0:00,CD영상등록기,7200000,720000,7920000,현금,ksllkd,2024-02-13 0:00,ksllkd,,KRW
0A4D1FA6FB5CEB4FB3C15750289B002C,BFEE53C7496CB047A8B144BDFAC4599B,,,130-81-66433,㈜유니락,유명호,"경기도 안산시 단원구 시화호수로 937(목내동, 시화MTV8사401호)","제조,부동산업","반도체및산업용밸브,피팅 외",2024-02-08 0:00,SOLIDWORKS Standard Subscription Service,5250000,525000,5775000,현금,ksllkd,2024-02-08 0:00,ksllkd,,KRW
