"product_code","product_class","manufacturer","model_name","product_name","unit","cost_price","reseller_price","list_price","detail_desc","memo","creator","create_date","modify_date","recent_user"
"000613A014469F41B5D6464F65AE8583","13. 3DEXPERIENCE Platform","",NBAP,Social Business Analyst & Project Planner Offer,"","0.0000","0.0000","5748000.0000","- Social Business Analyst
   Library
     뉴스, 웹 사이트 등에서 키워드 검색
   Feed Reader
     최신 컨텐츠 확인
  Social Analytics
     Insight 확보를 위해 정해진 영역에 대한 분석 및 비교
     주제, 언급되는 web상의 위치, 인물 등으로 Topic 분석
     데이터의 그래프화
  Metrics Reader
     그래프 비교
  Potion
     Dashboard를 수시 모니터링하지 않고 상황에 대한 능동적 대처
    트리거 조건 충족 시 자동 상호 작용

- Project Planning
   Project 생성 및 정의
   Project 진행 상황 실시간 Update
   Project Resource 및 업무 Drill-Down 보기
   업무 생성 및 기간 설정
   업무 담당자 지정
   마일 스톤(중요 시점) 및 작업 간 관계 정의
   Key 마일 스톤에 따른 일정 최적화
   프로젝트 별 멤버 지정
   프로젝트 산출물 및 참고 자료 관리
   업무 별 산출물 연결

- Collaborative Industry Innovator
   3D Markup
     언제든 어떤 장비로든 사용 가능한 웹 기반의 2D 및 3D 마크업
   Bookmark Editor
     컨텐츠와 문서 협업을 위한 북마크 생성 및 관리
   Chage Action
     변경 조치 생성, 할당, 관리를 통한 모든 관련 영역을 아우르는
     명확한 변경 결정 커뮤니케이션
   Collaborative Lifecycle
     제품 컨텐츠의 생성, 검토, 출도, 폐기 단계를 관리 및 캡처
   Compare
     두 모델을 비교하여  차이점을 찾기 위한 손쉬운 비교
   3D Space
     협업 공간 생성, 관리, 멤버 추가 및 저장된 컨텐츠에 바로 접근
   Issue 3D Review
     3D 모델의 맥락에서 제품의 문제 식별 및 분석
   Issue Management
     제품의 문제를 팀 구성원들 간 생성, 구성 및 전달
   Product Explorer
     3D 시각화 및 트리 구조화를 통한 컨텐츠 탐색
   Route Management
     3D Dashboard 내 승인 경로 생성 및 관리

- Collaborative Business Innovator
  3D Dashboard
    업무 최적화를 위해 필요한 기능(app) 구성 가능
    실시간으로 다른 팀원들 진행 상황 모니터링
  3D Swym
    공지사항 포스팅
    작업 지시
    기술 문서 공유 및 관리
  3D Drive
    안전한 데이터 공유 가능
    링크 통해 외부 인원과 공유
    SOLIDWORKS 데이터를 통합하여 다이렉트로 오픈 가능
  3D Play
    3D 모델 데이터 뷰어
    CAD 없이 웹 브라우저를 통하여 언제든지 접근 가능
    측정, 주석, 마크업 추가하여 상세한 리뷰 가능
  3D Search and 6WTags
    데이터 특성에 따라 원하는 데이터를 쉽게 검색","",admin,2020-10-15 00:00:00.000,2020-10-15 00:00:00.000,admin
"004ED42881368A4C89D211350C3BCDEF","00.Subscription Service","",Flow Simulation Electronic Module Subscription Ser,SOLIDWORKS Flow Simulation Electronic Module Subsc,"","0.0000","0.0000","1100000.0000","","",ksehee,2015-02-10 00:00:00.000,2015-02-10 00:00:00.000,ksehee
"00C4254E43FFFE41A631CB28073453AC","12.전략제품(보안)",InfoTrend,Eon NAS 1000 Series,Eon NAS 1012 Model,system,"8500000.0000","0.0000","0.0000"," Processor : One (1) Intel Core i3 Dual-Core 3.3GHz CPU 
 Disk Bay : 12Bay  
 HDD : 8ea ( 2TB SATA * 8 ) 
 Capacity : Usable 10TB 
 Memory : 4GB 
 Interface : 1GbE * 2ea 
 Power Supply : Two Redundant 330W 
 Form factor : 2U , 19inch 
 RAID Level : 0,1,5 
 Protocol Support :  CIFS/ SMB, AFP, NFS, HTTP, 
                            HTTPS,  FTP,NDMP
 OS Support : Windows Server 2003,
                    Windows Server 2008 R2 (Including Hyper-V)
                    Red Hat, SUSE, Sun Solaris, VMware,
                    Citrix XenDesktop / XenServer

                    Mac OS X
","",ktkim,2014-05-12 00:00:00.000,2014-05-12 00:00:00.000,ktkim
"0155552EDE3FC74FA0F3C6D29DF2D76A","05.PDMWorks Enterprise 관련","SolidWorks Co., LTD.",Enterprise PDM,SolidWorks Enterprise PDM 2014 Process for 25 User,"","0.0000","0.0000","0.0000","","",ksllkd,2014-04-25 00:00:00.000,2014-04-25 00:00:00.000,ksllkd
"01BFF1ABCAB2504AADB53C6E7A95ACFB","08.기타","",SolidWorks Disable,SolidWorks Subscription Service 이후 Disable,"","250000.0000","250000.0000","250000.0000",SolidWorks Maintenance 계약 종료 이후 고객의 사용권 활성화 서비스 비용,"",suuk,2011-02-09 00:00:00.000,2012-07-18 00:00:00.000,ckjung
"021FC10DA24358468AD0FBF2A0C8DCCF","13. 3DEXPERIENCE Platform","",XWCO,"3DEXPERIENCE SOLIDWORKS Premium Offer","","0.0000","0.0000","8196000.0000","- 3D Sculptor
   xShape
    서브디비전 모델링 기법
    복잡한 곡면 설계 가능
    산업 디자인용 색상표 이용하여 다양한 색상 정의

- 3D Creator
  xDesign
    Web상 3D Modeling Tool
    파라메트릭 모델링 기법

- 3DEXPERIENCE SOLIDWORKS Premium
    Proffesional기능 + 추가 기능
    곡면 전개, 배관 및 배선 (Routing)


- SOLIDWORKS Visualize Connected
   고급 실사적 렌더링


- 3DEXPERIENCE SOLIDWORKS Simulation Designer
    시간 기반 모션 해석 (with SOLIDWORKS Motion App)
    선형 정적 해석 (with SOLIDWORKS Simulation App)_Solid, Shell, Beam 및 Truss Mesh
    Part, Assembly 시뮬레이션
    분산 및 집중 질량
    합력 및 부품 변위 플롯
    Von-Mises 응력, 주응력, 부품 응력 플롯
    주요 변형, 부품 변형, 변형 에너지 밀도 플롯
    다축 응력 하중 기반 볼트 및 핀 하중 계산
    모션해석결과 산출

- Collaborative Industry Innovator
   3D Markup
     언제든 어떤 장비로든 사용 가능한 웹 기반의 2D 및 3D 마크업
   Bookmark Editor
     컨텐츠와 문서 협업을 위한 북마크 생성 및 관리
   Chage Action
     변경 조치 생성, 할당, 관리를 통한 모든 관련 영역을 아우르는
     명확한 변경 결정 커뮤니케이션
   Collaborative Lifecycle
     제품 컨텐츠의 생성, 검토, 출도, 폐기 단계를 관리 및 캡처
   Compare
     두 모델을 비교하여  차이점을 찾기 위한 손쉬운 비교
   3D Space
     협업 공간 생성, 관리, 멤버 추가 및 저장된 컨텐츠에 바로 접근
   Issue 3D Review
     3D 모델의 맥락에서 제품의 문제 식별 및 분석
   Issue Management
     제품의 문제를 팀 구성원들 간 생성, 구성 및 전달
   Product Explorer
     3D 시각화 및 트리 구조화를 통한 컨텐츠 탐색
   Route Management
     3D Dashboard 내 승인 경로 생성 및 관리

- Collaborative Business Innovator
  3D Dashboard
    업무 최적화를 위해 필요한 기능(app) 구성 가능
    실시간으로 다른 팀원들 진행 상황 모니터링
  3D Swym
    공지사항 포스팅
    작업 지시
    기술 문서 공유 및 관리
  3D Drive
    안전한 데이터 공유 가능
    링크 통해 외부 인원과 공유
    SOLIDWORKS 데이터를 통합하여 다이렉트로 오픈 가능
  3D Play
    3D 모델 데이터 뷰어
    CAD 없이 웹 브라우저를 통하여 언제든지 접근 가능
    측정, 주석, 마크업 추가하여 상세한 리뷰 가능
  3D Search and 6WTags
    데이터 특성에 따라 원하는 데이터를 쉽게 검색","",admin,2020-10-15 00:00:00.000,2022-01-18 00:00:00.000,admin
"02402B0C86AC8B4FA57B923C26664685","12.전략제품(보안)",이스트소프트,시큐어디스크,시큐어디스크 기업용 솔루션 (100 User license),"","0.0000","0.0000","47000000.0000","  - 데몬
    - 인증 및 운영용 데몬
    - 파일 서버 제어용 데몬
  - 문서
    - Database Layout
    - 관리자용 매뉴얼","",sjh,2014-08-13 00:00:00.000,2014-08-13 00:00:00.000,sjh
"02A1C57E8B684B49967A492CD85C05DB","12.전략제품(보안)",이스트소프트,시큐어디스크,시큐어디스크 엔지니어 현장 구축 지원 (5 days),"","0.0000","0.0000","0.0000","정책설정 지원
관리자, 사용자 교육","",sjh,2014-08-06 00:00:00.000,2014-08-06 00:00:00.000,sjh
"0313BA36ABB3094FBC73B4EA5F0859AC","01.SolidWorks 관련","","",SOLIDWORKS Composer Player Pro2014,"","0.0000","0.0000","0.0000","","",ksllkd,2014-05-15 00:00:00.000,2014-05-15 00:00:00.000,ksllkd
"03CC0882B3F67B4B912505761E27B49C","02.해석 제품",Dassault Systemes SolidWorks Corp.,SolidWorks Simulation Professional 교재 (영문),SolidWorks Simulation Professional 교재 (영문),권,"0.0000","0.0000","50000.0000"," Introduction, Lesson 1. Frequency Analysis of Parts, Lesson 2. Frequency Analysis of Assemblies, Lesson 3. Buckling Analysis, Lesson 4. Thermal Analysis, Lesson 5. Thermal Analysis with Radiation, Lesson 6. Advanced Thermal Stress Analysis, Lesson 7. Fatigue Analysis, Lesson 8. Advanced Fatigue Analysis, Lesson 9. Drop Test Analysis, Lesson 10. Optimization Analysis, Lesson 11. Pressure Vessel Analysis","",shpark,2010-12-09 00:00:00.000,2015-02-05 00:00:00.000,admin
"03DDA7DCEBB1A3429C67A4A48FBCE773","11.기타Software",MSC Software,ADAMS,"Adams Studio Package(Adams View, Adams Exchange, a",License,"0.0000","0.0000","28400000.0000","","Adams Studio Package(Adams View, Adams Exchange, and Adams Solver)
Paid-up 28,400,000
E&S        5,680,000",ktkim,2014-03-03 00:00:00.000,2014-03-03 00:00:00.000,ktkim
"0613C6D008DC75458BBB7E361D7201E0","09.제품관리","","",SolidWorks Enterprise PDM,"","0.0000","0.0000","0.0000","","",admin,2007-08-29 00:00:00.000,2008-11-03 00:00:00.000,mihwa
"06B347A09D7F36459BFF6426A3BF2F50","08.기타",EMERSON,Liebert Line-Interactive UPS,Liebert PSI 3000VA/2700W 230V 2U PF 0.9 Rack/Tower,EA,"1030000.0000","0.0000","0.0000","","",ktkim,2014-04-10 00:00:00.000,2014-04-10 00:00:00.000,ktkim
"06BCD0510F8002428B70CB37BB59E9FD","01.SolidWorks 관련",Trace Software International,elecworks for SolidWorks,elecworks for SolidWorks,License,"0.0000","0.0000","5000000.0000"," - elecworks 데이터 import
 - 2D 배선도 3D자동 구성 및 확인
 - elecworks 와 SolidWorks 양방향 Update
 - 케비넷, 덕트, 레일 등 3D 라이브러리 제공
 - 전장 부품 자동 조립, 자동 구성
 - SolidWorks 도면 elecworks에서 확인
 - 부품 리스트 (BOM) 양방향 Update","",chuls,2012-01-05 00:00:00.000,2012-01-05 00:00:00.000,chuls
"074A3B3B1B9E59488D47AB1004DF81C3","04.HW 관련",HP,HP SERVER,DL360G5,"","4174000.0000","0.0000","22555000.0000","HP DL360R05 Quad-Core 2.66GHz, 2X1GB SFF SATA/SAS  P400i/256MB (재고소진시 까지)
Cpu        : Quad-Core Intel® Xeon® processor 5400/5300 sequence [Max : 2ea]
Cache   : 12MB (2 x 6MB) Level 2 cache (5400 sequence)
Memory :  PC2-5300 DDR2 667 (8DIMMs Max:32GB)
NIC        : Dual NC373i Multifunction Gigabit Network Adapters
PCI Slot(2PCI) : 1 full-length x8 PCI-Express slot
                             1 low-profile x8 PCI-Express slot
Controller : Smart Array P400i Controller with 256MB cache (RAID 0/1/5)
HDD Bay  : 4 x SAS/SATA hot plug drive bays standard(2bays Optional)
USB : 4*USB Ports [1 x front, 2 x rear, 1 x internal]
Optional CD, DVD, DVD/CD-RW, or Floppy/1U
700W power supply, redundant optional
ATI ES1000 1280 x 1024 x 16M color (32MB video standard)
146GB 10k SAS 2.5 HP HDD ALL
Slim Line CD-RW/DVD-ROM 24X Combo Drive Option Kit
PS Assy  DL360 HT PLG PFC Kit( 리던던트파워)
Windows Svr Std 2008 R2 Korean OLP NL(32Bit, 64Bit) 
Windows Server 2008 Korean OLP NL User CAL x 5
Windows Svr Std 2008 R2 Korean 설치 Media CD x 1
OfficeScan Server 8.0(NT용)
","",misjid,2009-05-08 00:00:00.000,2009-05-18 00:00:00.000,misjid
"0822FC6EC64F7848A5936B98711E7C20","04.HW 관련",Microsoft,서버용S/W,window server 2008 korean,"","920000.0000","0.0000","1375000.0000","","",misjid,2009-05-18 00:00:00.000,2009-05-18 00:00:00.000,misjid
"08EE337DFA0C9F48A9C58F3B9119932A","00.Subscription Service","",SOLIDWORKS Plastics Standard,SOLIDWORKS Plastics Standard Subscription Service,"","0.0000","0.0000","1950000.0000"," - 설치 매뉴얼 제공
 - 차기 버전 Upgrade 1회
 - On-Line 기술 지원 (전화 및 원격지원)
 - nodeDATA 교육 (1 Seat 당 1명 기준)
    - 쿠폰 2장 제공
 - nodeDATA On-Line 교육(Webcast)
 - nodeDATA 세미나
 - nodeDATA 홈페이지 로열 회원 등급 부여
    - 기술 문서 및 동영상 열람
 - 최신 뉴스레터 제공
 - Disable Request Service(라이선스 재 활성)
 - DX TOOL 제공
 - SOLIDWORKS Customer Portal 이용 
    - Service Request / Enhancement Request / Knowledge Base
 - SOLIDWORKS Beta 체험 및 Awards
 - 계약기간 : 1년간 (2015.mm.dd ~ 2016.mm.dd)
 - 대상 S/N :","",ksehee,2015-02-26 00:00:00.000,2018-11-30 00:00:00.000,intia
"08F2443F0DA04640B791FEE64F9D606A","01.SolidWorks 관련",Trace Software International,SOLIDWORKS Electrical Professional,SOLIDWORKS Electrical Professional,License,"0.0000","0.0000","21760000.0000","- SOLIDWORKS Electrical 2D 포함
   - 직관적인 전기 회로설계 Software
   - 전기, PLC 회로설계 자동화
   - 회로설계 프로젝트 관리
   - 연관 회로도 양방향 업데이트
   - 전기, PLC 라이브러리 제공
   - single line diagram 작성
   - cable 구성 및 간편한 wire 속성확인 및 선택
   - cable 연결정보 생성, 변경정보 자동 Update
   - 구성 부품 BOM 생성

 - SOLIDWORKS Electrical 3D 포함
   - SOLIDWORKS Electrical 2D 데이터 import
   - 2D 설계회로 3D자동 구성 및 확인
   - SOLIDWORKS Electrical 2D 와 SOLIDWORKS 양방향 Update
   - 케비넷, 덕트, 레일 등 3D 라이브러리 제공
   - 전장 부품 자동 조립, 자동 구성
   - SOLIDWORKS 도면 SOLIDWORKS Electrical 2D에서 확인
   - 부품 리스트 (BOM) 양방향 Update
   - 3D 전기배선 자동 작성 및 최적화
   - 전기배선길이 자동계산
   - 케이블 길이 및 속성 BOM작성
- 교육 2일 포함
- 라이브러리 구축 시 DATA Sheet 필요(고객이 제공 해 주어야 함) : 100개의 부품 무상 구축","",jmlee,2012-12-28 00:00:00.000,2015-02-02 00:00:00.000,ksehee
"095B0526C18E2C408EB39BAA2739131A","05.PDMWorks Enterprise 관련","",SOLIDWORKS Manage PDM Professional CAD Editor,SOLIDWORKS Manage PDM Professional CAD Editor,"","0.0000","0.0000","5662800.0000","- 관리자 & 설계자용 (PMS) 
- 문서및 record의 검색, 미리보기,출력 
- CAD Data 미리보기 (eDrawings 활용) 
- CAD 데이터의 생성 및 편집 (SOLIDWORKS Add-in) 
- non-CAD 데이터 미리 보기/생성 및 편집 
- Project 진척 및 Timesheets 확인 및 수정 
- Dashboards 확인 및 보고서 작성 및 문서 생성 
- Process 및 기록 확인/ Process 시작 및 진행 
- PDM Workflow에 의한 Rrocess 실행 
- BOM 생성 및 수정 - Task 지정 및 수정 
- PDM workflows 에 포함","",kimhj,2019-07-05 00:00:00.000,2019-07-05 00:00:00.000,kimhj
"0992E3BC2312394B81CB0DFE1B82C1EC","06.AutoCAD 관련","",AutoCAD 2011 EKTS DVD - Sub미포함,AutoCAD 2011 EKTS DVD - Sub미포함,"","3800000.0000","0.0000","4400000.0000"," - 능률화된 표준 관리 및 데이터 교환 무결성
 - 향상된 팀 공동 작업
 - 간편한 통합 및 고급 라이센스 관리
 - 강력한 CAD 플랫폼
 * 협력적인 설계 환경
    - 향상된 웹으로 출판
    - i-drop™ 기술
    - eTransmit
    - DWG 파일을 읽기 전용 DWF 파일로 변환하는 ePlot
    - 향상된 속성 추출
    - 쉽게 최근에 사용한 파일 미리보기 및 열기
    - 팀 공동 작업을 위한 회의 시작","",shpark,2010-09-07 00:00:00.000,2010-09-07 00:00:00.000,shpark
"09C6AFBD1AA28344AC6FAE739B434612","12.전략제품(보안)",ESTSoft,SecureDISK,SecureDISK CAD(30 user),user,"0.0000","0.0000","21000000.0000",-10user와 동일,"",sjh,2014-07-14 00:00:00.000,2014-07-14 00:00:00.000,sjh
"0B85D5C816EEA846A2A0C98E6230A407","09.제품관리","","",SolidWorks Simulation Professional + SolidWorks FlowSimulation,"","0.0000","0.0000","0.0000","","",nana,2008-02-25 00:00:00.000,2011-12-15 00:00:00.000,admin
"0E1F2B9AAF0C634ABDA0E9C66D3B791F","12.전략제품(보안)",이스트소프트,시큐어디스크,[알약] 무상제공,"","0.0000","0.0000","0.0000","백신 알약 기업용 라이센스 (XXX user) 1년 무료사용권
백신 알약 server for linux 1년 무료사용권","",sjh,2014-08-06 00:00:00.000,2014-08-06 00:00:00.000,sjh
"0E644EB34F0CB34B8BDF2ABF35487852","07.SolidWorks 교육관련",노드데이타,제품설계컨설팅,제품설계컨설팅,"","0.0000","0.0000","0.0000","","",admin,2008-01-08 00:00:00.000,2008-01-08 00:00:00.000,admin
"117AF5B228C9574BB3B500950006A35B","00.Subscription Service","","",SOLIDWORKS 인증시험,"","0.0000","0.0000","300000.0000"," - Certification SOLIDWORKS Professional (년/4회)
 - nodeDATA 정기 시험 일정에 한 함","",admin,2015-01-28 00:00:00.000,2015-01-29 00:00:00.000,ksehee
"1584D4B0511C4543AA5B9DF5AC77AAED","01.SolidWorks 관련",Dassault Systemes SolidWorks Corp.,"",SOLIDWORKS Network Installation Fee,"","0.0000","3600000.0000","3600000.0000","",seat 수에 상관없이 시리얼번호당 1번만 붙음,nana,2009-02-17 00:00:00.000,2014-04-23 00:00:00.000,ksehee
"167AB7022AAE4A4DB00694C5B77FB566","12.전략제품(보안)",Mirageworks,Mirageworks,Mirageworks Online Storage(MOS),"","0.0000","0.0000","24000000.0000","","",ktkim,2014-02-06 00:00:00.000,2014-02-06 00:00:00.000,ktkim
"16FDC3CDB45B2F4C90986F5F692C3854","04.HW 관련","",Switch(L2),Summit X250e-24t,"","2095380.0000","0.0000","9978000.0000","24 10/100BASE-TX, 2 gigabit combo ports (2 			
unpopulated gigabit SFP and 10/100/1000BASE-T), 		2 SummitStack™ Stacking ports, ExtremeXOS™ Edge 		license, 1 AC PSU, connector for EPS-160 external		redundant PSU													
","",misjid,2009-05-08 00:00:00.000,2009-05-18 00:00:00.000,misjid
"173D818AEAF77F4BBE314177C032757E","01.SolidWorks 관련",다쏘,PCB,SOLIDWORKS PCB,"","5539200.0000","8500000.0000","10000000.0000","1. Schematic 설계
 - 효율적인 인터페이스,계층 구조 설계
 - 심볼, FootPrint, 3D Body, Simulation 설정이 통합된 
    라이브러리를 제공
 - 설계 규칙 검토
2. PCB Layout 설계
 - 지능형 Routing( Interactivei Routing 기능)
 - Differential Pair Routing(Net의 전기적인 특성 오차 줄임)
 - Cross Probe(회로도와 PCB Layout의 배선 상태를 실시간으로
    확인)
 - 중복 배선 제거  
3. 3D 설계
 - 3D Modification  
 - 내층 Layer 확인 
 - 기구 파트 형합성 검사
 - Animation 생성","",ksllkd,2018-07-09 00:00:00.000,2019-07-04 00:00:00.000,kimhj
"1745962445E84D45B2D674687B791963","11.기타Software",Acrobat,S/W,Acrobat XI Win Kor AOO License,"","380000.0000","0.0000","0.0000","

","",misjid,2009-05-27 00:00:00.000,2014-04-08 00:00:00.000,ktkim
"179A8CBEED0D5447827BA4AA4437C161","13. 3DEXPERIENCE Platform","",UDR,Collaborative Designer for DraftSight,"","0.0000","0.0000","82080.0000","- Derived Format Converter
  3DEXPERIENCE파일 형식으로 변환
- 3DEXPERIENCE Connector for DraftSight
  DraftSight 데이터를 3DEXPERIENCE platform에서 활용
  통합 된 제품 라이프 사이클 관리로 도면 데이터 관리
","",admin,2020-10-15 00:00:00.000,2020-10-15 00:00:00.000,admin
"17D61ECB7487D84892B5885056CE5BC4","01.SolidWorks 관련",Dassault Systemes SolidWorks Corp.,SolidWorks Education Edition,Edu. Edition Reinstallation Fee,school,"300000.0000","0.0000","1630000.0000",per school / per order,"",shpark,2009-11-25 00:00:00.000,2009-11-25 00:00:00.000,shpark
"1946BD8B9AC60941B1F5D9225F17C571","13. 3DEXPERIENCE Platform","",XWBO,"3DEXPERIENCE SOLIDWORKS Professional Offer","","0.0000","0.0000","5778000.0000","- 3D Sculptor
   xShape
    서브디비전 모델링 기법
    복잡한 곡면 설계 가능
    산업 디자인용 색상표 이용하여 다양한 색상 정의

- 3D Creator
  xDesign
    Web상 3D Modeling Tool
    파라메트릭 모델링 기법

- 3DEXPERIENCE SOLIDWORKS Professional 
    Standard 기능 + 추가 기능
    Xtended Reality (XR) Exporter
    공차 누적 해석 (TolAnalyst)
    비용 고려 설계 (Consting)
    리버스 엔지니어링 (Scan To 3D)
    Sub-D modeling (with xShape App)기

- Collaborative Industry Innovator
   3D Markup
     언제든 어떤 장비로든 사용 가능한 웹 기반의 2D 및 3D 마크업
   Bookmark Editor
     컨텐츠와 문서 협업을 위한 북마크 생성 및 관리
   Chage Action
     변경 조치 생성, 할당, 관리를 통한 모든 관련 영역을 아우르는
     명확한 변경 결정 커뮤니케이션
   Collaborative Lifecycle
     제품 컨텐츠의 생성, 검토, 출도, 폐기 단계를 관리 및 캡처
   Compare
     두 모델을 비교하여  차이점을 찾기 위한 손쉬운 비교
   3D Space
     협업 공간 생성, 관리, 멤버 추가 및 저장된 컨텐츠에 바로 접근
   Issue 3D Review
     3D 모델의 맥락에서 제품의 문제 식별 및 분석
   Issue Management
     제품의 문제를 팀 구성원들 간 생성, 구성 및 전달
   Product Explorer
     3D 시각화 및 트리 구조화를 통한 컨텐츠 탐색
   Route Management
     3D Dashboard 내 승인 경로 생성 및 관리

- Collaborative Business Innovator
  3D Dashboard
    업무 최적화를 위해 필요한 기능(app) 구성 가능
    실시간으로 다른 팀원들 진행 상황 모니터링
  3D Swym
    공지사항 포스팅
    작업 지시
    기술 문서 공유 및 관리
  3D Drive
    안전한 데이터 공유 가능
    링크 통해 외부 인원과 공유
    SOLIDWORKS 데이터를 통합하여 다이렉트로 오픈 가능
  3D Play
    3D 모델 데이터 뷰어
    CAD 없이 웹 브라우저를 통하여 언제든지 접근 가능
    측정, 주석, 마크업 추가하여 상세한 리뷰 가능
  3D Search and 6WTags
    데이터 특성에 따라 원하는 데이터를 쉽게 검색","",admin,2020-10-15 00:00:00.000,2020-10-15 00:00:00.000,admin
"1A8E04045EE76A4E9980474938BF85A9","02.해석 제품",Dassault Systemes SolidWorks Corp.,SolidWorks Flow Simulation 교재 (영문),SolidWorks Flow Simulation 교재 (영문),"","0.0000","0.0000","60000.0000"," Introduction, Lesson1. Creating a SolidWorks Flow Simulation Project, Lesson2. Meshing, Lesson3. Thermal Analysis, Lesson4. External Transient Analysis, Lesson5. Conjugate Heat Transfer, Lesson6. EFD Zooming, Lesson7. Porous Media, Lesson8. Rotating Reference Frames, Lesson9. Parametric Analysis, Lesson10. Cavitation, Lesson11. Relative Humidity, Lesson12. Particle Trajectory, Lesson13. Supersonic Flow, Lesson14. FEA Load Transfer","",shpark,2010-12-09 00:00:00.000,2015-02-05 00:00:00.000,admin
"1AD10604066E0B429FBCA146D1E6C9C5","01.SolidWorks 관련","",Reversion Fee SOLIDWORKS,Reversion Fee SOLIDWORKS,"","0.0000","0.0000","825000.0000","","",suuk,2011-01-20 00:00:00.000,2014-04-23 00:00:00.000,ksehee
"1B5DB531250F5148ABE227BF83769D1E","00.Subscription Service","","",*** SS 세부사항 ***,"","0.0000","0.0000","0.0000","■ 솔리드웍스 유지보수 서비스 : 12개월
 #. DX TOOL 제공 : 노드데이타 개발 솔리드웍스 속성편집기(\2,000,000)
 - 설치 매뉴얼 제공
 - 차기 버전 Upgrade 1회
 - On-Line 기술 지원 (전화 및 원격지원)
 - nodeDATA 교육 : On/Off Line 참여
 - nodeDATA 세미나
 - nodeDATA 홈페이지 로열 회원 등급 부여(기술 문서 및 동영상 열람)
 - 최신 뉴스레터 제공
 - Disable Request Service 제공 (라이선스 재 활성)

 ■ 계약기간 : 1년간 (2023.01.01 ~ 2023.12.31)
 - 대상 License S/N :","",admin,2023-01-16 00:00:00.000,2023-01-16 00:00:00.000,admin
"1C24E23E2AEC134A9D64087ECF8F04AA","08.기타",nodeDATA,"3DVIA Composer 용역","3DVIA Composer 용역","","6000000.0000","0.0000","0.0000","1) 라이센스 대여비 150만원
2) 교수설계 비용 10 만원
2) 작업 비용 350만원 
    (1Day 기준 100만원 + 특근 50만원)
3) 출장 지원 90만원
    (1Day 기준 30만원)
4) 수정사항 별도 협의

작업 일
2010년 3월 13일, 15일, 16일

작업 시간
10:00 ~ 18:00

","",chuls,2010-03-12 00:00:00.000,2010-03-12 00:00:00.000,chuls
"1C75DB5652785840BFAA1618DF9816E4","11.기타Software",Dasso System,CATIA,MCE(Mechanical Product Creation) 연간사용료,"","848000.0000","0.0000","941760.0000","CATIA 고급 사양
- 고급 Solid 기능","",misjid,2010-01-25 00:00:00.000,2010-01-25 00:00:00.000,misjid
"1C7D15F68EE21549B46D782CB8F39DC4","08.기타","","",KeyShot 4 Pro NL,"","1720000.0000","0.0000","2112000.0000","","",sjh,2014-01-14 00:00:00.000,2014-01-14 00:00:00.000,sjh
"1CBA6CB8DEDD8641A705331D2152E51B","00.Subscription Service",Dassault Systems,SOLIDWORKS Electrical,SOLIDWORKS Electrical Professional Subscription Service,Seat,"0.0000","0.0000","3500000.0000"," - 설치 매뉴얼 제공
 - 차기 버전 Upgrade 1회
 - On-Line 기술 지원 (전화 및 원격지원)
 - nodeDATA 교육 (1 Seat 당 1명 기준)
    - 쿠폰 2장 제공
 - nodeDATA On-Line 교육(Webcast)
 - nodeDATA 세미나
 - nodeDATA 홈페이지 로열 회원 등급 부여
    - 기술 문서 및 동영상 열람
 - 최신 뉴스레터 제공
 - Disable Request Service(라이선스 재 활성)
 - DX TOOL 제공
 - SOLIDWORKS Customer Portal 이용 
    - Service Request / Enhancement Request / Knowledge Base
 - SOLIDWORKS Beta 체험 및 Awards
 - 계약기간 : 1년간 (2015.mm.dd ~ 2016.mm.dd)
 - 대상 S/N :","",admin,2013-10-02 00:00:00.000,2018-11-30 00:00:00.000,intia
"1E5C5D995EE92B48A59978DD23846748","08.기타",CISCO,L3 Switch,WS-C3560G-24TS-S,"","3660000.0000","0.0000","0.0000","Catalyst 3560 24 10/100/1000 + 4 SFP + IPB Image
무상유지보수1년","",misjid,2009-05-29 00:00:00.000,2009-05-29 00:00:00.000,misjid
"20010402121010","04.HW 관련",삼성,삼성 - S750PT,삼성 - 모니터 SyncMaster 750P(T),BOX,"100000.0000","250000.0000","290000.0000","  -. 화면크기 17인치  
  -. 도트(픽셀)피치 0.26mm  
  -. 최대 해상도 1600×1200/76Hz  
  -. 모니터형태 CRT  
  -. 수평주파수 30~96KHz  
  -. 수직주파수 50~160Hz  
","",admin,2001-04-02 00:00:00.000,2007-09-03 00:00:00.000,jhkim
"20040215170522","03.ND 관련","nodeDATA CO., LTD.",SolidWorks,nodeWorks - Include Solidworks,seat,"300000.0000","500000.0000","1200000.0000"," - Include SolidWorks
 - include nodeManager
 - Data Management System
 - Single Window Integration in SolidWorks
 - Automated Revision Control
 - Project 기종별 관리
 - Auto BOM list
 - 전자결재
 - SolidWorks Explorer, eDrawing Viewer
 - Work Group Data Management
 - Automated Revision Control
","",admin,2004-02-15 00:00:00.000,2007-09-03 00:00:00.000,jhkim
"20040219182534","00.Subscription Service",Dassault Systemes SolidWorks Corp.,SOLIDWORKS Subscription Service,SOLIDWORKS Standard Subscription Service,Seat,"0.0000","1500000.0000","2047500.0000"," - 설치 매뉴얼 제공
 - 차기 버전 Upgrade 1회
 - On-Line 기술 지원 (전화 및 원격지원)
 - nodeDATA 교육 (1 Seat 당 1명 기준)
 - nodeDATA On-Line 교육(Webcast)
 - nodeDATA 세미나
 - nodeDATA 홈페이지 로열 회원 등급 부여
    - 기술 문서 및 동영상 열람
 - 최신 뉴스레터 제공
 - Disable Request Service(라이선스 재 활성)
 - DX TOOL 제공
 - SOLIDWORKS Customer Portal 이용 
    - Service Request / Enhancement Request / Knowledge Base
 - SOLIDWORKS Beta 체험 및 Awards
 - 계약기간 : 1년간 (2018.mm.dd ~ 2019.mm.dd)
 - 대상 S/N :","",shinil,2004-02-19 00:00:00.000,2021-01-19 00:00:00.000,ksd2046
"20040220095407","00.Subscription Service",Dassault Systemes SolidWorks Corp.,SOLIDWORKS Professional Subscription Service,SOLIDWORKS Professional Subscription Service,Seat,"0.0000","1800000.0000","2320500.0000"," - 설치 매뉴얼 제공
 - 차기 버전 Upgrade 1회
 - On-Line 기술 지원 (전화 및 원격지원)
 - nodeDATA 교육 (1 Seat 당 1명 기준)
 - nodeDATA On-Line 교육(Webcast)
 - nodeDATA 세미나
 - nodeDATA 홈페이지 로열 회원 등급 부여
    - 기술 문서 및 동영상 열람
 - 최신 뉴스레터 제공
 - Disable Request Service(라이선스 재 활성)
 - DX TOOL 제공
 - SOLIDWORKS Customer Portal 이용 
    - Service Request / Enhancement Request / Knowledge Base
 - SOLIDWORKS Beta 체험 및 Awards
 - 계약기간 : 1년간 (2018.mm.dd ~ 2019.mm.dd)
 - 대상 S/N :","",shinil,2004-02-20 00:00:00.000,2021-01-19 00:00:00.000,ksd2046
"20040220095827","00.Subscription Service",Dassault Systemes SolidWorks Corp.,SOLIDWORKS Subscription Service,SOLIDWORKS Premium Subscription Service,Seat,"0.0000","2400000.0000","3071900.0000"," - 설치 매뉴얼 제공
 - 차기 버전 Upgrade 1회
 - On-Line 기술 지원 (전화 및 원격지원)
 - nodeDATA 교육 (1 Seat 당 1명 기준)
 - nodeDATA On-Line 교육(Webcast)
 - nodeDATA 세미나
 - nodeDATA 홈페이지 로열 회원 등급 부여
    - 기술 문서 및 동영상 열람
 - 최신 뉴스레터 제공
 - Disable Request Service(라이선스 재 활성)
 - DX TOOL 제공
 - SOLIDWORKS Customer Portal 이용 
    - Service Request / Enhancement Request / Knowledge Base
 - SOLIDWORKS Beta 체험 및 Awards
 - 계약기간 : 1년간 (2018.mm.dd ~ 2019.mm.dd)
 - 대상 S/N :","",shinil,2004-02-20 00:00:00.000,2021-01-19 00:00:00.000,ksd2046
"20040220100217","02.해석 제품",SolidWorks Corporation,SOLIDWORKS Simulation,SOLIDWORKS Simulation Professional,Seat,"0.0000","0.0000","23000000.0000","[Simulation Capability]
 - Linear Static Analysis
 - Thermal Analysis
 - Frequency Analysis
 - Buckling Analysis
 - Drop Test Analysis
 - Fatigue Analysis
 - Pressure Vessel Design Analysis
 - Design Study Analysis
 - Time / Event Based Motion Simulation
[Geometry]
 - Part, Assembly 시뮬레이션
 - Solid, Shell, Beam 및 Truss 모델
[결과 도구]
 - 변형된 형상을 SolidWorks 파트로 저장 
 - 모션 해석의 결과를 정적 해석 스터디에서 불러오기
 - 열전달 해석 스터디에서 정적 해석 스터디 온도 불러오기
[결과 공통]
 - HTML 및 DOC 보고서 형식
 - 시뮬레이션 결과의 eDrawings 게시
 - BMP, JPEG, VRML, XGL 또는 AVI 파일로 플롯 저장 
 - 시뮬레이션 라이브러리 파일/템플릿
 - 다른 FEA 시스템으로 내보내기","",shinil,2004-02-20 00:00:00.000,2015-02-13 00:00:00.000,jekim
"20040220100234","02.해석 제품",SolidWorks Corporation,SOLIDWORKS Simulation,SOLIDWORKS Simulation Premium,Seat,"0.0000","0.0000","36000000.0000","[Simulation Capability]
 - Linear Static Analysis
 - Thermal Analysis
 - Frequency Analysis
 - Buckling Analysis
 - Drop Test Analysis
 - Fatigue Analysis
 - Pressure Vessel Design Analysis
 - Design Study Analysis
 - Time / Event Based Motion Simulation
 - Modal Time Hiatory Analysis
 - Harmonic Analysis
 - Random Vibration Analysis
 _ Response Spectrum Analysis
 - Nonlinear Static Analysis
 - Nonlinear Dynamic Analysis
[Geometry]
 - Part, Assembly 시뮬레이션
 - Solid, Shell, Beam 및 Truss 모델
[결과 도구]
 - 변형된 형상을 SolidWorks 파트로 저장 
 - 모션 해석의 결과를 정적 해석 스터디에서 불러오기
 - 열전달 해석 스터디에서 정적 해석 스터디 온도 불러오기
 - PSD 출력을 이용한 동적 해석 스터디를 위한 응답 대 시간 또는 진동수 플롯 
[결과 공통]
 - HTML 및 DOC 보고서 형식
 - 시뮬레이션 결과의 eDrawings 게시
 - BMP, JPEG, VRML, XGL 또는 AVI 파일로 플롯 저장 
 - 시뮬레이션 라이브러리 파일/템플릿
 - 다른 FEA 시스템으로 내보내기","",shinil,2004-02-20 00:00:00.000,2016-03-16 00:00:00.000,jekim
"20040220100614","02.해석 제품",SolidWorks Corporation,SOLIDWORKS Flow Simulation,SOLIDWORKS Flow Simulation,Seat,"0.0000","15000000.0000","35000000.0000","[Analysis Capabilities]
 - Two and three dimensional analyses
 - Symmetry planes
 - Time-dependent flow
 - Subsonic, transonic, and supersonic regimes
 - Calculation of relative humidity in gas flows
 - Gas mixture, liquid mixture
 - Conjugate heat transfer
 - Cavitation
[Fluid and Solid Properties]
 - Incompressible and compressible liquid
 - Compressible gas
 - Real gases
 - Water vapor (steam)
 - Non-Newtonian liquids (to simulate blood, molten plastics)
[Results Tools]
 - Microsoft Word report format
 - Publish eDrawings® of flow simulation results
 - Save plots as BMP, JPEG, PNG, VRML, or AVI files
 - Save results in Excel
 - Export results (pressure, temperature, and convective coefficients) to SolidWorks Simulation","",shinil,2004-02-20 00:00:00.000,2015-02-12 00:00:00.000,admin
"20040220142542","00.Subscription Service","SolidWorks Co., LTD.",SOLIDWORKS Flow Simulation - Subscription Service,SOLIDWORKS Flow Simulation Subscription Service,Seat,"0.0000","2500000.0000","4600000.0000"," - 설치 매뉴얼 제공
 - 차기 버전 Upgrade 1회
 - On-Line 기술 지원 (전화 및 원격지원)
 - nodeDATA 교육 (1 Seat 당 1명 기준)
    - 쿠폰 2장 제공
 - nodeDATA On-Line 교육(Webcast)
 - nodeDATA 세미나
 - nodeDATA 홈페이지 로열 회원 등급 부여
    - 기술 문서 및 동영상 열람
 - 최신 뉴스레터 제공
 - Disable Request Service(라이선스 재 활성)
 - DX TOOL 제공
 - SOLIDWORKS Customer Portal 이용 
    - Service Request / Enhancement Request / Knowledge Base
 - SOLIDWORKS Beta 체험 및 Awards
 - 계약기간 : 1년간 (2015.mm.dd ~ 2016.mm.dd)
 - 대상 S/N :",모듈 제외,shinil,2004-02-20 00:00:00.000,2018-11-30 00:00:00.000,intia
"20040220150539","00.Subscription Service","SolidWorks Co., LTD.",SOLIDWORKS Simulation Subscription Service,SOLIDWORKS Simulation Subscription Service,Seat,"0.0000","500000.0000","1320000.0000"," - 설치 매뉴얼 제공
 - 차기 버전 Upgrade 1회
 - On-Line 기술 지원 (전화 및 원격지원)
 - nodeDATA 교육 (1 Seat 당 1명 기준)
    - 쿠폰 2장 제공
 - nodeDATA On-Line 교육(Webcast)
 - nodeDATA 세미나
 - nodeDATA 홈페이지 로열 회원 등급 부여
    - 기술 문서 및 동영상 열람
 - 최신 뉴스레터 제공
 - Disable Request Service(라이선스 재 활성)
 - DX TOOL 제공
 - SOLIDWORKS Customer Portal 이용 
    - Service Request / Enhancement Request / Knowledge Base
 - SOLIDWORKS Beta 체험 및 Awards
 - 계약기간 : 1년간 (2015.mm.dd ~ 2016.mm.dd)
 - 대상 S/N :","",shinil,2004-02-20 00:00:00.000,2018-11-30 00:00:00.000,intia
"20040223170747","06.AutoCAD 관련","",AutoCAD,AutoCAD,"","3300000.0000","3580000.0000","4500000.0000"," - 능률화된 표준 관리 및 데이터 교환 무결성
 - 향상된 팀 공동 작업
 - 간편한 통합 및 고급 라이센스 관리
 - 강력한 CAD 플랫폼
 * 협력적인 설계 환경
    - 향상된 웹으로 출판
    - i-drop™ 기술
    - eTransmit
    - DWG 파일을 읽기 전용 DWF 파일로 변환하는 ePlot
    - 향상된 속성 추출
    - 쉽게 최근에 사용한 파일 미리보기 및 열기
    - 팀 공동 작업을 위한 회의 시작
","",jmlee,2004-02-23 00:00:00.000,2007-09-03 00:00:00.000,jhkim
"20040223170954","06.AutoCAD 관련","",AutoCAD LT,AutoCAD LT,Seat,"800000.0000","0.0000","1500000.0000"," - 기존 제품의 도면과 100% DWG 호환
 - 연관 치수 기입
 - 전환공간 연관 치수 기입
 - 블록 속성 편집기
 - 도면층 변환기
 - 문자 측정
","",jmlee,2004-02-23 00:00:00.000,2007-09-03 00:00:00.000,jhkim
"20040223172453","04.HW 관련","",IBM - Z Pro,IBM - IBM IntelliStation Z Pro,Set,"0.0000","0.0000","0.0000","CPU : Xeon 3.06GHz (512KB / 533Mhz FSB/2 Way SMP Support)
Memory : 1GB ECC DDR SDRAM UDIMM
HDD : 36.4GB SCSI (10K RPM)
Graphic : nVidia Quadro4  Fx2000 (128MB)
Graphic : Wildcat 7110 (256MB)
ODD : CD-RW  Drive 
Dual Channel Ultra 320 SCSI Controller 
1 Gigabit Ethernet Adapter
6 Bays / 6 Slots  / 1394
4 USB 2.0 ( Rear 2 / Front 2)
Power : 425 Watt Power Supply
OS : 한글 Widows XP Professional Preload","",jmlee,2004-02-23 00:00:00.000,2007-09-03 00:00:00.000,jhkim
"20040223173916","04.HW 관련","",IBM - Memory,IBM - 512MB Memory,ea,"306000.0000","0.0000","1134000.0000","","",jmlee,2004-02-23 00:00:00.000,2007-09-03 00:00:00.000,jhkim
"20040223180141","04.HW 관련",IBM,모니터,"IBM - 19"" TFT LCD Monitor","","1200000.0000","1600000.0000","4800000.0000","","",jmlee,2004-02-23 00:00:00.000,2007-09-03 00:00:00.000,jhkim
"20040223182026","04.HW 관련","",IBM - HDD,IBM - 73.4 GB SCSI HDD,"","558000.0000","0.0000","2065000.0000","",AS,jmlee,2004-02-23 00:00:00.000,2007-09-03 00:00:00.000,jhkim
"20040308161119","08.기타",ManuSoft,I-Mold,I-Mold 1 Year Subscription Service,Seat,"0.0000","0.0000","2200000.0000","교육 및 지원사항
 - 업그레이드 교육 (1seat당 1명 기준)
 - On-Line Support
 - 차기버젼 무상 Upgrade
","",admin,2004-03-08 00:00:00.000,2012-07-18 00:00:00.000,ckjung
"20040311201628","04.HW 관련","","",INTEL - PIV 3.06Ghz,"","0.0000","0.0000","0.0000"," - INTEL PⅣ 3.06GHz CPU 
 - INTEL 865 M/B (ASUS-P4P800)
 - 1GB RAM (삼성 DDR-3200)
 - 120G HDD (W.D.-7200RPM)
 - FIRE GL T2 128M (ELSA) 
 - AC97 SOUND (내장)
 - 10/100MB LAN (내장)
 - 52 * 24 * 52 CDRW (LG)
 - OPTICAL WHEEL MOUSE (삼성)
 - 3.5"" FDD (삼성)
 - 106 KEY (삼성)
 - DEBUT ATX
 - 300W SPEAKER
","",jmlee,2004-03-11 00:00:00.000,2007-09-03 00:00:00.000,jhkim
"20040311202400","04.HW 관련","","","삼성 - 싱크마스터 19"" LCD (197T)","","0.0000","0.0000","0.0000","","",jmlee,2004-03-11 00:00:00.000,2007-09-03 00:00:00.000,jhkim
"20040311202544","04.HW 관련",IBM,"","IBM - 22"" Thankvision C220P","","0.0000","910000.0000","3500000.0000","","",jmlee,2004-03-11 00:00:00.000,2007-09-03 00:00:00.000,jhkim
"20040312134607","00.Subscription Service","SolidWorks Co., LTD.",SOLIDWORKS Simulation Subscription Service,SOLIDWORKS Simulation Premium Subscription Service,Seat,"0.0000","0.0000","5250000.0000"," - 설치 매뉴얼 제공
 - 차기 버전 Upgrade 1회
 - On-Line 기술 지원 (전화 및 원격지원)
 - nodeDATA 교육 (1 Seat 당 1명 기준)
    - 쿠폰 2장 제공
 - nodeDATA On-Line 교육(Webcast)
 - nodeDATA 세미나
 - nodeDATA 홈페이지 로열 회원 등급 부여
    - 기술 문서 및 동영상 열람
 - 최신 뉴스레터 제공
 - Disable Request Service(라이선스 재 활성)
 - DX TOOL 제공
 - SOLIDWORKS Customer Portal 이용 
    - Service Request / Enhancement Request / Knowledge Base
 - SOLIDWORKS Beta 체험 및 Awards
 - 계약기간 : 1년간 (2015.mm.dd ~ 2016.mm.dd)
 - 대상 S/N :","",admin,2004-03-12 00:00:00.000,2021-01-21 00:00:00.000,jejung
"20040317093723","04.HW 관련","",IBM - M Pro,IBM - IBM IntelliStation M Pro,Set,"0.0000","0.0000","10448000.0000","CPU : P4-3.0GHz (512KB / 800 FSB)
Memory : 512MB ECC DDR SDRAM UDIMM
HDD : 73.4GB SCSI (Ultra320 , 10K RPM)
Graphic : nVidia Quadro4 980XGL(128MB)
ODD : CD-RW  Drive 
Dual Channel Ultra 320 SCSI Controller 
1 Gigabit Ethernet Adapter
6 Bays / 6 Slots  / 1394
4 USB 2.0 ( Rear 2 / Front 2)
Power : 425 Watt Power Supply
OS : 한글 Widows XP Professional Preload
Include 3 year Maintanance","",shinil,2004-03-17 00:00:00.000,2007-09-03 00:00:00.000,jhkim
"20040322130402","04.HW 관련","",IBM - M Pro,IBM - IBM IntelliStation M Pro DeskTOP(6230IJK),Set,"2000000.0000","0.0000","7500000.0000","CPU : P4-3.2GHz (1M / 800FSB)
Memory : 1GB PC3200 DDR SDRAM 
HDD : 80GB (SATA 7,2k rpm)
Graphic : nVidia Quadro FX500 (128MB)
NIC: 10/100/1000 Ethernet controiier
ODD : DVD-Rom Drive
OS : 한글 Widows XP Professlonal
Include 3 year Maintanance
","본체 3969000
메모리 256추가  390,000
CD- COMBO  560,000",dwkang,2004-03-22 00:00:00.000,2007-09-03 00:00:00.000,jhkim
"20040322174212","04.HW 관련",IBM,"","IBM - 19"" Thankvision C190","","0.0000","390000.0000","1500000.0000","","",shinil,2004-03-22 00:00:00.000,2007-09-03 00:00:00.000,jhkim
"20040322181645","04.HW 관련",IBM,IBM - M Pro,IBM - IBM IntelliStation M Pro(623027K),Set,"0.0000","0.0000","8400000.0000","CPU : P4-2.8GHz (512KB / 800 FSB)
Memory : 512MB ECC DDR SDRAM UDIMM
HDD : 40GB (EIDE 7,200RPM)
Graphic : nVidia Quadro4 980XGL(128MB)
ODD : CD-RW  Drive 
1 Gigabit Ethernet Adapter
6 Bays / 6 Slots  / 1394
4 USB 2.0 ( Rear 2 / Front 2)
Power : 425 Watt Power Supply
OS : 한글 Widows XP Professional Preload
Include 3 year Maintanance","",shinil,2004-03-22 00:00:00.000,2007-09-03 00:00:00.000,jhkim
"20040322181847","04.HW 관련",IBM,IBM - Z Pro,IBM - IBM IntelliStation Z Pro(6221i7K),Set,"0.0000","0.0000","16905000.0000","CPU : Xeon 3.06GHz (512KB / 533Mhz FSB/2 Way SMP Support)
Memory : 1GB ECC DDR SDRAM UDIMM
HDD : 36.4GB SCSI (10K RPM)
Graphic : nVidia Quadro4  Fx2000 (128MB)
ODD : CD-RW  Drive 
Dual Channel Ultra 320 SCSI Controller 
1 Gigabit Ethernet Adapter
6 Bays / 6 Slots  / 1394
4 USB 2.0 ( Rear 2 / Front 2)
Power : 425 Watt Power Supply
OS : 한글 Widows XP Professional Preload","",shinil,2004-03-22 00:00:00.000,2007-09-03 00:00:00.000,jhkim
"20040325134348","04.HW 관련","",INTEL - ThinkPad 268LK5,INTEL - ThinkPad 268LK5,"","2300000.0000","0.0000","0.0000"," - Intel Mobile P 4 2.4GHz-M	
 - 15"" TFT SXGA	
 - 1GB DDR SDRAM 	
 - 60GB HDD / DVD+CD-RW Combo	
 - 32MB Video Memory (ATI Mobility Radeon 7500)	
 - Lan : Combo + Wireless	
 - OS : Windows XP Professioanl / 가방 포함	
","",jmlee,2004-03-25 00:00:00.000,2007-09-03 00:00:00.000,jhkim
"20040410110910","04.HW 관련",IBM,"",IBM - IBM  Intellistation Mpro (621948K),"","0.0000","3050800.0000","13900000.0000","LGIBM  Intellistation Mpro
Intel Pentium4  3.06GHz
512KB L2 Cache Memory
512MB  ECC DDR SDRAM Memory
 - Graphic : nVidia Quadro4 980XGL(128MB)
 - 36.4GB Ultra320 10Krpm Hard Disk Drive
 - 48배속 CD-RW DRIVE 
 - Network : Integrated Ethernet 
 - Slots : 6 (5PCI, 1AGP)
 - 오디오 : 3D Stereo
 - USB 2.0, IEEE1394 지원
 - 3 Button Mouse, Keyboard 기본제공
 - OS : 한글 Windows XP Professional Preload
 - 3년간 무상 방문지원

","",jmlee,2004-04-10 00:00:00.000,2007-09-03 00:00:00.000,jhkim
"20040607102009","04.HW 관련",삼성,삼성 - S750PT,삼성 - 모니터 SyncMaster 2100DF,BOX,"100000.0000","797000.0000","1200000.0000","  -. 화면크기 21인치  
  -. 도트(픽셀)피치 0.26mm  
  -. 최대 해상도 1600×1200/76Hz  
  -. 모니터형태 CRT  
  -. 수평주파수 30~96KHz  
  -. 수직주파수 50~160Hz  
","",shinil,2004-06-07 00:00:00.000,2007-09-03 00:00:00.000,jhkim
"20040702120025","08.기타","","",MODView-Plus  V3.0 Package,"","0.0000","0.0000","3520000.0000","*.CATIA 2D/3D Direct Viewing
- 여러 개의 파일을 한번에 읽어서 Assembly 가능
- Dimension기능(홀중심, 거리, 각도, 반경… & 주석기능)
- 쉽고 강력한 Section기능 (1D/2D/3D, Plane , Axis)
- 문서에 활용 (원하는 부분만을 이미지/벡터 형식으로 복사)
- 스케일로 Printer/Plotter 출력 지원 
- 단면 및 3D 뷰를 2D로 투영하여 자동으로 카라인 생성
- CATIA Layer/Layer Filter/Set/Ditto의 특성 지원
- 3D의 외곽크기/단면길이/면적/무게등 자동 계산 
* File Import : CATIA 2D / CATIA 3D / HPGL2 /Image
*.File Export : JPG, BMP, EMF / HPGL,HPGL2 Export
*.2D Advanced 옵션 포함
.2D 그리기 기능(자동 카라인, Point, Line, Arc, text…)
.2D 수정 기능(Trim, Extend, Offset, Scale,move…)
","",jmlee,2004-07-02 00:00:00.000,2007-09-03 00:00:00.000,jhkim
"20040702120201","08.기타","","","3D Advanced Option","","0.0000","0.0000","1650000.0000","3D 그리기 & 수정기능(Setup기능)
.다양한 3D 변환기능(이동/복사/미러) 및 면 옵셋기능 / Wire 추출 기능 제공)
","",jmlee,2004-07-02 00:00:00.000,2007-09-03 00:00:00.000,jhkim
"20040702120243","08.기타","","","2D DWG Export Option","","0.0000","0.0000","2200000.0000","- CATIA 2D Data & 2D로 투영한 형상뷰를 DWG로 저장
- 단면를 자동으로 카라인 작성하여 DWG파일로 일괄 저장
","",jmlee,2004-07-02 00:00:00.000,2007-09-03 00:00:00.000,jhkim
"20041109150250","01.SolidWorks 관련",Dassault Systemes SOLIDWORKS Corp.,SOLIDWORKS Subscription Service,SOLIDWORKS Standard Subscription Service & penalty,Seat,"600000.0000","900000.0000","2370000.0000"," - 홈페이지 ID 발급/ 기술자료 지원
 - 방문 지원
 - On-Line Support
 - 차기 버전 무상 Upgrade
 - 업그레이드 교육 (1seat당 1명 기준)
 - 본사 라이브러리 및 기술자료 다운로드
 - 유지보수계약 중단에따른 추가 비용 
 - 계약기간 2005.00.00 ~ 2006.00.00","",admin,2004-11-09 00:00:00.000,2019-08-19 00:00:00.000,ckjung
"20041126114953","02.해석 제품",SRAC,CW Adv+AdvDyn+Utlity/MA(Network),CW Adv+Utlity/Motion/MA(Network) 옵션포함,"","0.0000","0.0000","12500000.0000"," - CosmosWorks Adv.Prof
 - CosmosMotion
 - Optomization","",admin,2004-11-26 00:00:00.000,2015-02-05 00:00:00.000,admin
"20041231093411","04.HW 관련",IBM,"",IBM - IBM  Intellistation M Pro(6225) / EM64T /1 Way,"","0.0000","0.0000","0.0000"," - Intel Pentium4 3.2GHz(800MHz FSB) Processor / 1MB L2
 - 1GB PC3200 ECC DDR2 SDRAM Memory
 - Graphic : ATI FireGL V3100 (128MB Video Memory)
 - Single Channel U320 SCSI controller
 - 73.4GB SCSI HDD U320
 - Intel 925X Chipset
 - 8X DVD-RW / None Diskette  (No FDD)
 - One Gigabit 10/100/1000 Ethernet Controller(BCM5721)
 - AC-97 Audio, ADI1981B via ICH6r, internal speaker
 - IEEE1394 & USB 2.0 Support
 - Slots : 4 Slot( 1* PCI-E x1, 1* PCI-E x16, 2* 32bit PCI)
 - Bays : 5 Bay( 2*5.25"", 3*3.5"" )
 - Ports : Front - 2*USB(2.0), audio in out, mic in / 4-pin 1394
             Rear - 6*USB(2.0), 2*9pin Serial, Parallel, Ethernet, audio, 6-pin 1394
 - 400W auto sensing Power Supply/Two variable speed fans
 - IBM 104 keyboard, IBM three button mouse
 - OS : 한글 Windows XP Professional Preload
 - 3년간 무상 방문지원","",jmlee,2004-12-31 00:00:00.000,2007-09-03 00:00:00.000,jhkim
"20050113154859","04.HW 관련",IBM,IBM - 884121K(TOWER),IBM - IBM SERVER 884121K,"","0.0000","3800000.0000","14800000.0000","IBM  SERVER
 x236, 3.2GHz 800MHz, EM64T, 1GB, U320, Open
 CPU : Xeon 3.2GHz / 1M  L2 CACHE / 800MHz FSB
 2Way SMP 지원, Hyper-Threading, EM64T
 Memory : 1GB DDR-2 SDRAM / Max.16GB
 Dual Channel Ultra 320 SCSI 컨트롤러 
 Six Hot Swap Disk Bay(Max. 9Bays/Three Bays Option)
 3.5"" FDD 1개, 48-20X CD-ROM Drive
 6 PCI ( 2x PCI-Express, 3x 64bit, 1x 32bit )  SLOT
 ATI RAGE  Graphics Adapter
 Dual 10/100/1000 Gigabit/ Broadcom BCM 5721 / On Planar
 1 X 670W Power Supply(Max. Two Power)
 보증기간 : 년","",admin,2005-01-13 00:00:00.000,2007-09-03 00:00:00.000,jhkim
"20050113160613","04.HW 관련","",IBM - Memory,IBM - 1GB Memory,ea,"620000.0000","0.0000","2480000.0000","","",admin,2005-01-13 00:00:00.000,2007-09-03 00:00:00.000,jhkim
"20050113160811","04.HW 관련",IBM,IBM - 63324HN,IBM - IBM 평면 17인,BOX,"233000.0000","233000.0000","933000.0000","  -. 화면크기 17인치  
  -. 도트(픽셀)피치 0.26mm  
  -. 최대 해상도 1024×768/76Hz  
  -. 모니터형태 CRT  
  -. 수평주파수 30~96KHz  
  -. 수직주파수 50~160Hz  
","",admin,2005-01-13 00:00:00.000,2007-09-03 00:00:00.000,jhkim
"20050113165116","04.HW 관련",IBM,IBM - 884121K(TOWER),IBM - eServer xSeries 225,Set,"0.0000","2100000.0000","12800000.0000","eServer xSeries 225 / Xeon 3.0GHz / 1GB DDR/  U320
프로세서Intel® Xeon™ 3.0GHz / 533MHz FSB 
프로세서수1개 /캐시 메모 512KB L2
1GB ECC(PC 2100 DDR SDRAM) / 최대16GB까지 확장
확장슬롯 4PCI-64Bit 100Mhz,  1 PCI-32Bit 33Mhz
디스크 베이 9개  / 73GB U320 SCSI HDD(10Krpm)
CD-ROM48x-20x
내장 디스크 용량최대 876GB
디스크 컨트롤러Ultra320SCSI,  RAID-1 지원
네트워크통합 10/100/1000 Ethernet
시스템 관리IBM Director 포함.
전원 공급 장치530W
폼팩터/높이타워형 / 4U
보증기간 : 3년","",admin,2005-01-13 00:00:00.000,2007-09-03 00:00:00.000,jhkim
"20050203104721","04.HW 관련",IBM,IBM - Z Pro,IBM - IBM IntelliStation Z Pro(6221),Set,"5000000.0000","0.0000","18501000.0000","IBM  Intellistation Zpro / 2-Way SMP Support / EM64T
Intel Xeon  3.06GHz, 533FSB, L2 Cache : 512KB 	
2GB(2*1GB) PC2100 ECC DDR SDRAM/Max. 16GB	
HDD : U320 36.4GB x 2 (10Krpm) SCSI HDD	
Graphic : nVidia Quadro FX 2000(128MB)	
CD-ROM Drive	
Network : Integrated Gigabit Ethernet 	
USB 2.0, IEEE 1394  인터페이스포트	
Slots : 7 ( 5PCI, 1AGP, 1Mini PCI Type III)	
오디오 : 3D Stereo, Speaker 내장	
3 Button Mouse, Keyboard 기본제공	
OS : 한글 Windows XP Professional Preload	
","",shinil,2005-02-03 00:00:00.000,2007-09-03 00:00:00.000,jhkim
"20050203105338","04.HW 관련",IBM,IBM - 8648I1K,IBM - eServer xSeries 226,Set,"8954000.0000","0.0000","18501000.0000","eServer xSeries 226 / Xeon 3.0GHz EM64T/ 512MB DDR2/ U320 73GB / Fixed PSU	
Intel® Xeon™ 3.0GHz Processor / 800MHz FSB / 2-Way Support	
1MB L2 Cache	
512MB PC2-3200 ECC DDR2-SDRAM  Non Chip Kill Memory 	
Non Chip Kill  사용시 최대 3GB	
Solts : 1 * PCI-E 16x(3.3v)	
          2 * 32bit/33MHz PCI(5v)	
          1 * 64bit/133MHz PCI-X(3.3v), 2 * 64bit/100MHz PCI-X	
6 * Hot-swap Disk Bays	
48X-20X CD-ROM Drive	
Dual Channel U320 SCSI Controller	
73GB U320 SCSI Hard Disk Drive	
네트워크통합 10/100/1000 Ethernet	
530W Power Supply	
	
1GB(2*512MB) PC2-3200 DDR2 SDRAM non-chipkill	
146GB 10K U320 SCSI HS	
ServeRAID 6i + Controller, Cache 128M, U320	
17"" 일반 평면 모니터 (1024*768)	
x226 A/S ,3년 근무시간 서비스, 익일 응답	
","",shinil,2005-02-03 00:00:00.000,2007-09-03 00:00:00.000,jhkim
"20050330165905","04.HW 관련",DELL,DELL - Dell Precision 370,DELL - PRECISION 370MT - Dell Precision 370,Set,"2900000.0000","0.0000","3500000.0000","Precision(TM)370MT Intel(R)Pentium(R)4
Processor 3.6F GHz/800MHz/1MB,Intel..EM64T
Integrated 1MB ON-DIE L2 Cache
Integrated Sound Blaster Compatible Audio Controller 16-BIT
2GB (4X512MB) ECC Dual Channel DDR2 533 MHz SDRAM Memory
128MB PCIe x16 nVidia Quadro FX1400, 
Ultra320 SCSI Controller Card
73GB Ultra320 SCSI (10,000RPM) Hard Disk Drive
Microsoft(R) Windows(R) XP Professional SP2 (Korean)
48X/32X/48X CD-RW Drive
3 Years Same Business Day (8x5) Onsite R esponse (Parts & Labour )","",admin,2005-03-30 00:00:00.000,2007-09-03 00:00:00.000,jhkim
"20050330180235","04.HW 관련",DELL,DELL - Dell Precision 470,DELL - Dell Precision 470 PCI,Set,"4000000.0000","0.0000","4850000.0000","Precision(TM)470MT Intel Xeon(R)
Processor 3.6F GHz/800MHz/1MB,Intel..EM64T
Integrated 1MB ON-DIE L2 Cache
Integrated Sound Blaster Compatible Audio Controller 16-BIT
2GB (4X512MB) ECC Dual Channel DDR2 533 MHz SDRAM Memory
128MB PCIe x16 nVidia Quadro FX1400, 
Ultra320 SCSI Controller Card
73GB Ultra320 SCSI (10,000RPM) Hard Disk Drive
Microsoft(R) Windows(R) XP Professional SP2 (Korean)
48X/32X/48X CD-RW Drive
3 Years Same Business Day (8x5) Onsite R esponse (Parts & Labour )","",admin,2005-03-30 00:00:00.000,2007-09-03 00:00:00.000,jhkim
"20050418110228","01.SolidWorks 관련",Dassault Systemes SolidWorks Corp.,SolidWorks Edu. Edition Stand-alone,SolidWorks Edu. Edition Stand-alone,Seat,"0.0000","0.0000","2500000.0000"," - SolidWorks
 - SolidWorks eDrawings Professional
 - 3D Instant Website
 - FeatureWorks
 - SolidWorks Animator
 - SolidWorks PhotoWorks
 - SolidWorks Toolbox
 - SolidWorks Utilities
 - Task Scheduler
 - SolidWorks ScadTo3D
 - SolidWorks Workgroup PDM
 - SolidWorks Routing
 - CircuitWorks
 - SolidWorks Simulation
 - SolidWorks Motion
 - TolAnalyst
 - Sub Service 1 Year","1. SolidWorks의 기본 Bundle 및 공급가격은 본사(SolidWorks Corp.) 가격정책 및 신버전 출시에 의해 변경 될 수 있습니다.
2. 교육기관용 라이센스(Edu. License)는 교육 및 연구활동의 목적 이외의 일반 기업체에서는 사용할 수 없습니다.",dwkang,2005-04-18 00:00:00.000,2014-12-11 00:00:00.000,shpark
"20050621115241","00.Subscription Service",Dassault Systemes SolidWorks Corp.,Reinstallation Fee,Reinstallation Fee (Without Backdating per seat),Seat,"500000.0000","500000.0000","950000.0000"," - SS 만료 후, 재 계약 시 발생되는 추가 비용
 - SS 계약일로 부터 1년간","",hsjo,2005-06-21 00:00:00.000,2015-01-28 00:00:00.000,admin
"20050621134253","08.기타","Expernet Co., Ltd.",Steelhead 2010,Steelhead 2010 (2U type),system,"19247000.0000","19247000.0000","67300000.0000"," - SHA-02010-010
 - 150G Storage
 - 4Mbps WAN
 - 1300 TCP Connections","",hsjo,2005-06-21 00:00:00.000,2007-09-03 00:00:00.000,jhkim
"20050621134433","08.기타","Expernet Co., Ltd.",Steelhead 3010,Steelhead 3010-010 (3U type),system,"35292000.0000","35292000.0000","123400000.0000"," - SHA-03010-010
 - 250G Storage
 - 10Mbps WAN
 - 2400 TCP Connections","",hsjo,2005-06-21 00:00:00.000,2007-09-03 00:00:00.000,jhkim
"20050623154724","01.SolidWorks 관련",Dassault Systemes SOLIDWORKS Corp.,SOLIDWORKS Subscription Service,SOLIDWORKS Standard Subscription Service 3 years,Seat,"1200000.0000","1700000.0000","4510000.0000"," - 홈페이지 ID 발급/ 기술자료 지원
 - 방문 지원
 - On-Line Support
 - 차기 버전 무상 Upgrade
 - 업그레이드 교육 (1seat당 1명 기준)
 - 본사 라이브러리 및 기술자료 다운로드 
 - 계약기간 : 3년간","",admin,2005-06-23 00:00:00.000,2019-08-19 00:00:00.000,ckjung
"20050726151940","06.AutoCAD 관련","",AutoCAD,AutoCAD Mechanical 2007,"","3300000.0000","0.0000","5100000.0000","  - 원시DWG를 제공하여 AutoCAD 사용자와 쉽게 설계 및 데이터를 교환         
  - 사용자 표준 라이브러리 구축 기능 
  - 국제 표준에 따른 80만개의 표준 기계 부품
  - 공학 계산 기능 : 축, 베어링, FEM 해석
  - 다중 도면 작업
","",jmlee,2005-07-26 00:00:00.000,2007-09-03 00:00:00.000,jhkim
"20050726151951","06.AutoCAD 관련","",AutoCAD,AutoCAD LT 2011 EKTS DVD - Sub 포함,Seat,"1250000.0000","0.0000","0.0000","- 기존 제품의 도면과 100% DWG 호환
- 연관 치수 기입
- 전환공간 연관 치수 기입
- 블록 속성 편집기
- 도면층 변환기
- 문자 측정
- AUTO LISP 지원 안됨
- NetWork 지원 안됨, iges 파일 지원 안됨
- 1year Sub-Scription Service 제공","",jmlee,2005-07-26 00:00:00.000,2014-04-08 00:00:00.000,ktkim
"20050906195901","03.ND 관련",노드데이타,nodeDATA,nodeDESK,Seat,"0.0000","250000.0000","500000.0000"," - 서버 설정 및 폴더 관리
 - 프로젝트 생성 및 관리
 - 리비전 관리
 - 데이타 조회
 - 결재선 지정 및 도면 결재
 - BOM 관리 및 아이템 등록
","",hsjo,2005-09-06 00:00:00.000,2011-09-15 00:00:00.000,ksehee
"20050906200016","03.ND 관련",노드데이타,nodeDATA,nodeMANAGER,Seat,"0.0000","400000.0000","800000.0000"," - 조직 추가 및 변경
 - 사용자 추가 및 변경
 - 조직 및 사용자별 권한 부여 
 - 문서 속성 추가
 - 프로젝트 및 카타고리 생성
 - 로그파일 저장
","",hsjo,2005-09-06 00:00:00.000,2007-09-03 00:00:00.000,jhkim
"20051118101142","06.AutoCAD 관련","",AutoCAD,AutoCAD 한글판 network,user,"3300000.0000","3300000.0000","5000000.0000"," - 능률화된 표준 관리 및 데이터 교환 무결성
 - 향상된 팀 공동 작업
 - 간편한 통합 및 고급 라이센스 관리
 - 강력한 CAD 플랫폼
 * 협력적인 설계 환경
    - 향상된 웹으로 출판
    - i-drop™ 기술
    - eTransmit
    - DWG 파일을 읽기 전용 DWF 파일로 변환하는 ePlot
    - 향상된 속성 추출
    - 쉽게 최근에 사용한 파일 미리보기 및 열기
    - 팀 공동 작업을 위한 회의 시작
","",jmlee,2005-11-18 00:00:00.000,2007-09-03 00:00:00.000,jhkim
"20060508160108","07.SolidWorks 교육관련",노드데이타,SolidWorks Basic 교육,SolidWorks Basic 교육 패키지,명,"0.0000","500000.0000","800000.0000","1.SolidWorks Basic 교육 (4일 교육)
2.세부 항목
    1일차
       개요
       스케치
       기초파트 모델링
       주조 모델링
    2일차
       회전피처
       패턴
       편집 & 수정
       설계변경
       쉘 및 보강대
    3일차
       파트의 설정
       설계변수 테이블 및 수식
       바텀업 방식 어셈블리
       어셈블리 사용
       eDrawing
    4일차
      도면화 준비
      도면시트 및 도면뷰
      중심표시, 중심선, 치수
      주석추가
      도면시트와 템플릿
      설정 과 어셈블리 도면뷰
      BOM 테이블
      실행성능 및 표시문제
      도면참조 및 비교 

3.교재 및 점심 식사 제공 포함","
",admin,2006-05-08 00:00:00.000,2016-06-20 00:00:00.000,kylee
"20060508160355","07.SolidWorks 교육관련",노드데이타,SolidWorks Office 교육,SolidWorks Office 교육 패키지,명,"0.0000","200000.0000","200000.0000","1.SolidWorks Office 교육
2.세부 교육내용
   1일차
     PhotoWorks
     FeatureWorks
   2일차
     Animator
     Utility
     Toolbox
3.교재 및 점심식사 제공 포함","",admin,2006-05-08 00:00:00.000,2007-09-03 00:00:00.000,jhkim
"20060508160730","07.SolidWorks 교육관련",노드데이타,SolidWorks Advanced  파트 교육,SolidWorks Advanced  파트 교육 패키지,명,"0.0000","200000.0000","200000.0000","1. SolidWorks Advanced  '파트' 교육
2. 교육 요약 : 기본교육에서 다루지 않은 고급기능 및 사용하면서 나왔던 문제점 해결
3. 세부 교육내용
       Advanced Modeling 
       Sweep & Loft
       라이브러리
       디자인 기능
4. 본사 교재 및 점심식사 제공 포함
","",admin,2006-05-08 00:00:00.000,2007-09-03 00:00:00.000,jhkim
"20060508160748","07.SolidWorks 교육관련",노드데이타,SolidWorks Advanced  어셈블리 교육,SolidWorks Advanced  어셈블리 교육 패키지,명,"0.0000","200000.0000","200000.0000","1. SolidWorks Advanced  '어셈블리' 교육
2. 교육 요약 : 기본교육에서 다루지 않은 고급기능 및 사용하면서 나왔던 문제점 해결
3. 세부 교육내용
       Advanced Assembly
       Top-Down 방식 
       Configuration

4. 본사 교재 및 점심식사 제공 포함
","",admin,2006-05-08 00:00:00.000,2007-09-03 00:00:00.000,jhkim
"20060508161302","07.SolidWorks 교육관련",노드데이타,판금 및 용접 교육,판금 및 용접 교육 패키지,명,"0.0000","200000.0000","200000.0000","1. 판금 및 용접 교육
    교육기간 : 2일
2. 교육 요약 : 판금 및 용접구조물을 사용하기 위한 기능 교육
3. 세부교육내용
      판금파트 모델링
      파트를 판금으로 변환
      어셈블리 상황에서 판금 모델링
      용접구조물
4. 본사 교재 및 점심식사 제공 포함
","",admin,2006-05-08 00:00:00.000,2007-09-03 00:00:00.000,jhkim
"20060508161939","07.SolidWorks 교육관련",노드데이타,COSMOS Designer 교육,COSMOS Designer 교육 패키지,명,"0.0000","200000.0000","200000.0000","1. COSMOS Designer교육 (Office Premium)
    교육기간 : 1 일
2. 교육 요약 : 정적해석 방법 프로그램 교육
3. 상세 항목
     구조해석
     어셈블리의 구조해석
        경계 조건
        메쉬
        결과
4. 교재 및 점심식사 제공 포함

","",admin,2006-05-08 00:00:00.000,2007-09-03 00:00:00.000,jhkim
"20060508162116","07.SolidWorks 교육관련",노드데이타,COSMOSMotion 교육 (Office Premium),COSMOSMotion 교육 패키지,명,"0.0000","200000.0000","200000.0000","1. COSMOSMotion교육 (Office Premium)
    교육기간 : 1 일
2. 교육 요약 : 동적해석 프로그램 교육
3. 상세 항목
     어셈블리의 구동해석
        경계 조건
        메쉬
        결과
4. 교재 및 점심식사 제공 포함","",admin,2006-05-08 00:00:00.000,2007-09-03 00:00:00.000,jhkim
"20070108154942","05.PDMWorks Enterprise 관련","SolidWorks Co., LTD.",SOLIDWORKS PDM Professional,SOLIDWORKS PDM Professional Contributor,"","0.0000","0.0000","3500000.0000"," - 데이터 관리 목적으로 독립적인 실행 (Ex 구매부, 관리부)
 - 설계 데이터 관리 
 - 데이터 통합 환경 제공
 - 다양한 권한 부여 설정 
 - Automated revision control
 - BOM 데이터 관리 
 - 파일 & 폴더 템플릿 기능
 - 기존 프로젝트 재활용 
 - Automated process control(ECO/ECN)","",jihong,2007-01-08 00:00:00.000,2018-12-27 00:00:00.000,ksllkd
"20070108155242","05.PDMWorks Enterprise 관련","SolidWorks Co., LTD.",PDMWorks Enterprise Contributor Web 2007,PDMWorks Enterprise Contributor Web 2007,seat,"0.0000","2500000.0000","2500000.0000"," - Basic file management for individuals
 - Secure access to engineering data
 - Automated revision control
 - Greater design re-use
 - Automated process control (ECO/ECN)
 - Web Access","",jihong,2007-01-08 00:00:00.000,2007-09-03 00:00:00.000,jhkim
"20070108160826","05.PDMWorks Enterprise 관련","SolidWorks Co., LTD.",SOLIDWORKS PDM Professional,SOLIDWORKS PDM Professional Viewer,seat,"0.0000","0.0000","7922000.0000"," - 데이터 서버에 있는 파일에 대한 뷰어
 - 파일 데이터 속성 정보 확인
 - 워크플로우 전자 결재 가능
 - 1 Seat 구입이 5 User 사용가능","",jihong,2007-01-08 00:00:00.000,2018-12-27 00:00:00.000,ksllkd
"20070109204403","05.PDMWorks Enterprise 관련","SolidWorks Co., LTD.",PDMWorks Enterprise For AutoCAD,PDMWorks Enterprise For AutoCAD,seat,"0.0000","3100000.0000","3100000.0000"," - Basic file management for individuals
 - Secure access to engineering data
 - Automated revision control
 - Greater design re-use
 - Automated process control(ECO/ECN)
 - AutoCAD DWG Files Check in/out
 - AutoCAD Add-ins(2004 Version and Up)
","",jihong,2007-01-09 00:00:00.000,2007-09-03 00:00:00.000,jhkim
"20070110191818","06.AutoCAD 관련","","",Upgrade AutoCAD 2002 to AutoCAD 2007,"","0.0000","2800000.0000","2800000.0000", - Include Subscription Service - 1Year,"",jihong,2007-01-10 00:00:00.000,2007-09-03 00:00:00.000,jhkim
"20070222103434","01.SolidWorks 관련",Dassault Systemes SOLIDWORKS Corp.,Upgrade SOLIDWORKS to SOLIDWORKS Office Profession,Upgrade SOLIDWORKS Standard to SOLIDWORKS Professional,seat,"2750000.0000","2750000.0000","3400000.0000","","",jihong,2007-02-22 00:00:00.000,2019-08-19 00:00:00.000,ckjung
"20070222103559","01.SolidWorks 관련",Dassault Systemes SOLIDWORKS Corp.,Upgrade SOLIDWORKS to SOLIDWORKS Office Premium,Upgrade SOLIDWORKS Standard to SOLIDWORKS Premium,seat,"0.0000","0.0000","6500000.0000"," - Part Design Module
 - Assembly Design Module
 - Drawing Module
 - Sheetmetal Design Module
 - Surface Design Module
 - SolidWorks Explorer
 - DWG Editor (2D CAD용 : 별도로 실행 가능)
 - Simulation X Press (단품 구조해석)
 - Flow X Press (유동의 흐름 Viewing)
 - DFM XPress (가공 시 에러 발생 부분 분석)
 - DriveWorks XPress (유사한 제품 시리즈 생성)
 - SolidWorks eDrawings Professional
 - SolidWorks Utilities(데이타 비교)
 - SolidWorks Toolbox (라이브러리)
 - FeatureWorks (작업 이력 생성)
 - PhotoWorks (실사 이미지 제작)
 - 3D Instant Website(웹게시판)
 - Task Scheduler(작업 스케줄러)
 - Design Checker(도면 비교 분석)
 - SolidWorks Workgroup PDM(이력관리 프로그램)
 - SolidWorks Motion(구동 해석)
 - SolidWorks Simulation (설계자용 구조해석)
 - SolidWorks Routing (파이프와 배선, 하네스 설계)
 - CircuitWorks(ECAD 데이타 호환)
 - TolAnalyst(공차해석)
 - SolidWorks ScadTo3D(3D 스캔data를 3D 파일로 변환)
 - 해석 교육 (2일) : 무상
 - 1년간 유지보수 무상 : On/Off-Line 기술 지원 및 업그레이드",SWPr Subs. Service 1 Year 포함,jihong,2007-02-22 00:00:00.000,2019-08-19 00:00:00.000,ckjung
"20070502180728","08.기타",CADENAS,Partsolution Professional,Partsolution Professional,"","1500000.0000","0.0000","3500000.0000","- Part Connection
- Shaft Generator
- Traverse Path & Kinematics
- PartFEM Display
- PartBOM
- Part Data Management
- Similar geometric search","",chulmin,2007-05-02 00:00:00.000,2007-09-03 00:00:00.000,jhkim
"20070525105334","04.HW 관련",HP,HP - xw4400,HP - xw4400,EA,"0.0000","2194000.0000","5484000.0000","-  ET115AV  HP xw4400 Workstation 
-  AH004AV#AB1  Microsoft Windows XP Pro 32-bit OS
-  RB192AV  Intel Core 2 Duo E6600 2.40 4MB/1066 CPU
-  AH013AV#AB1  HP xw4400 Workstation Localization Kit
-  AG946AV  NVIDIA Quadro FX1500 256MB PCIe Graphics
-  AG992AV  HP 2GB (2x1GB) DDR2-667 ECC RAM
-  AG953AV  HP 160GB SATA 3Gb/s NCQ 7200 1st HDD
-  AG984AV  HP 16X DVD+/-RW DL LightScribe 1st Drive
-  AG938AV  HP 1.44MB Floppy Disk Drive
-  AH038AV  HP USB Optical Scroll Mouse
-  EZ390AV#AB1  HP USB Standard Keyboard
 
 
 
 
  
 
 
 
  
","",chulmin,2007-05-25 00:00:00.000,2007-09-03 00:00:00.000,jhkim
"20C82ABF85296F488C744A37F9F5B171","","","",- GRADIUS Client License (200 User Lience),"","0.0000","0.0000","80000000.0000","(1) 차단 - 업무 이외의 프로그램 및 인터넷 사이트 접속 차단
(2) 감시 - 업무 이외의 프로그램 및 인터넷 사이트 접속 기록 보기
(3) 녹화 - 정보유출 시점 동영상 녹화 및 재현
(4) 보고 - 유출 또는 유사 시도 관련 보고 및 통계 보고
(5) 정책 - 보안규정의 설정과 수정 및 지속적인 보안 운영","",sjh,2014-12-26 00:00:00.000,2014-12-26 00:00:00.000,sjh
"20D0F75E54035C47A257B5FDB4281B51","11.기타Software",AhnLap,백신,AhnLap V3 IS 8.0 Platinum,"","21560.0000","0.0000","44500.0000",단가조정예정임,"",misjid,2009-07-06 00:00:00.000,2009-08-20 00:00:00.000,misjid
"20EEA1076E59E6489E9E03CB71DD4F55","11.기타Software",RedHat,RedHat Enterprise Linux Server 6,"RedHat Enterprise Linux Server 6, Standard","","1000000.0000","0.0000","0.0000","보안서버용 OS-RedHat
Standard 1~2 Socket
Standard는 하루 8시간 기준 AS 적용입니다.
주의
 - 24시간을 위해서는 Premiunm 급을 구매하셔야 합니다.
 - 만약, server에 CPU Socket이 4개인데 1~2 soecket용으로 구매를 하시면 불법 S/W 대상입니다. cpu 개수와는 무관한 O/S 제품입니다.","Server의 Socket 개수와 구매한 RedHat 소켓 개수가 틀리면 불법 소프트웨어로 분류될 수 있다.

예: 구매 소켓 1~2인데 서버 소켓은 4개면 불법임.

제안시 주의하세요.",ktkim,2013-11-27 00:00:00.000,2014-02-05 00:00:00.000,ktkim
"21ED7108F97B464B95CC3A97786B74C9","02.해석 제품","SolidWorks Co., LTD.",SOLIDWORKS Flow Simulation HVAC Module,SOLIDWORKS Flow Simulation HVAC Module,"","0.0000","0.0000","10000000.0000","[Fluid and Solid Properties]
 - Library of building materials
 - Additional database of solids
[Environment]
 - Radiation: spectrum and absorption in solids
 - Comfort parameters 
  (MRT, operative temp, PMV, PPD, ADPI, draft temp, CRE, and LAQI)","",admin,2015-02-05 00:00:00.000,2015-02-12 00:00:00.000,jekim
"24164F743AD13B43BEB14281E54D18D1","09.제품관리","","",DesignSTAR Professional,"","0.0000","0.0000","0.0000","","",admin,2007-08-29 00:00:00.000,2007-09-03 00:00:00.000,jhkim
"24F48701716BDC4D8613DEEDB5111FE5","11.기타Software",MSC Software,ADASMS,Adams Flex,"","0.0000","0.0000","14160000.0000","","Adams Flex
Paid-up  11,800,000
E&S         2,360,000",ktkim,2014-03-03 00:00:00.000,2014-03-03 00:00:00.000,ktkim
"2751302193FC634FAB8F119D933938F8","06.AutoCAD 관련",Autodesk,Autocad Inventor,Autocad Inventor,"","5200000.0000","0.0000","7700000.0000","","",ktkim,2013-11-22 00:00:00.000,2013-11-22 00:00:00.000,ktkim
"27AA5D0FFD2B6C4B9EBB9CE185907A40","09.제품관리","","",SolidWorks Simulation Software,"","0.0000","0.0000","0.0000","","",admin,2007-08-29 00:00:00.000,2008-11-03 00:00:00.000,mihwa
"27B49703D495D340997ABBA0E4FB59F5","13. 3DEXPERIENCE Platform","",EMC,Electromagnetics Engineer,"","0.0000","0.0000","23160000.0000","","",ksehee,2022-01-18 00:00:00.000,2022-02-28 00:00:00.000,kimhj
"281E443B9B3E4844BAFEE108406573B1","01.SolidWorks 관련",Dassault Systemes SolidWorks Corp.,SolidWorks Drawings 교재,SolidWorks Drawings 교재,권,"90000.0000","0.0000","90000.0000"," 1장. 도면 시트 및 도면뷰, 2장. 치수, 3장. 주석, 4장. 시트 형식과 템플릿, 5장. 어셈블리 도면뷰, 6장. BOM 및 테이블, 7장. 실행 성능 및 표시 문제, 8장. 도면 참조 및 비교, 부록A: 도면화 준비, 부록B: 도면 시트 및 도면뷰, 부록C: 중심 표시 및 중심선, 부록D: 치수, 부록E: 주석, 부록F: 시트 형식과 템플릿, 부록G: 어셈블리 도면뷰, 부록H: BOM 및 테이블, 부록I: 설정","",shpark,2010-05-19 00:00:00.000,2010-05-19 00:00:00.000,shpark
"291AA102492B0F4E9DA66F1EC14FC87F","02.해석 제품",Dassault Systemes SolidWorks Corp.,SolidWorks Simulation,Upgrade SOLIDWORKS Premium to SOLIDWORKS Simulation Professional,Seat,"0.0000","0.0000","11975000.0000","*SOLIDWORKS Premium의 Linear Static Analysis 포함
[Simulation Capability]
 - Thermal Analysis
 - Frequency Analysis
 - Buckling Analysis
 - Drop Test Analysis
 - Fatigue Analysis
 - Pressure Vessel Design Analysis
 - Design Study Analysis
 - Time / Event Based Motion Simulation
[결과 도구]
 - 변형된 형상을 SolidWorks 파트로 저장 
 - 모션 해석의 결과를 정적 해석 스터디에서 불러오기
 - 열전달 해석 스터디에서 정적 해석 스터디 온도 불러오기
[결과 공통]
 - HTML 및 DOC 보고서 형식
 - 시뮬레이션 결과의 eDrawings 게시
 - BMP, JPEG, VRML, XGL 또는 AVI 파일로 플롯 저장 
 - 시뮬레이션 라이브러리 파일/템플릿
 - 다른 FEA 시스템으로 내보내기",SWPr with SWSimP Subs. Service 1 Year 포함,shpark,2010-02-22 00:00:00.000,2015-02-13 00:00:00.000,jekim
"2965995AE2C72745A9F26D50FAEACF49","01.SolidWorks 관련","",SOLIDWORKS MBD Standard,SOLIDWORKS MBD Standard,"","0.0000","0.0000","0.0000","","",ckjung,2016-12-28 00:00:00.000,2016-12-28 00:00:00.000,ckjung
"29A564706879EF4A951030B05C46AF59","00.Subscription Service","","",nodeDATA Technical Support Ⅱ,"","0.0000","0.0000","1500000.0000"," - nodeDATA Technical SupportⅠ포함
 - 기본 라이브러리 구축 (협의 필요)
     - ToolBox
     - 구멍 가공 마법사
     - 재질 라이브러리 
 - 그 외 라이브러리 구축 시 별도 협의","",admin,2015-01-28 00:00:00.000,2015-01-29 00:00:00.000,ksehee
"2A42A275E1BC9045AE618FEF79E1C9E2","07.SolidWorks 교육관련",노드데이타,기계장비설계컨설팅,기계장비설계컨설팅,"","0.0000","0.0000","0.0000","","",admin,2008-01-08 00:00:00.000,2008-01-08 00:00:00.000,admin
"2C67FC79B4714B4D954AE0237DCF43A8","06.AutoCAD 관련","",AutoCAD Mechanical 2014 - Sub 포함,AutoCAD Mechanical 2014 - Sub 포함,"","4150000.0000","0.0000","5860000.0000","- AutoCAD 2014
- 700,000개의 표준 부품과 피처
- 제조용으로 확장된 도구 모음
- 국제 제도 표준의 지원
- 연관된 품번기호 및 재료명세서(BOM)
- 1year Sub-Scription Service 제공

* Subscription
- 최신 기술지원
- 공인 기술지원 (오토데스크 엔지니어)/교육
- 법적 이전버전 사용권한 부여
- 전용 웹사이트에서 License 사용 현황 확인가능
- Community 서비스 제공
- 원격지원
- 3단계 하위버전 사용가능 ( Sub. 종료후 최종 구매 버전만 사용, 단속 되었을경우 최종 버전 이외에는 불법으로 간주 됨)","",shpark,2010-10-27 00:00:00.000,2014-03-13 00:00:00.000,ktkim
"2CBDBABCC36CB24FBA758C329482B007","09.제품관리","","",SolidWorks Flow Simulation on Electronics Module,"","0.0000","0.0000","0.0000"," - Joule Heating
 - Two-Resistor Components (2R-Model)
 - Heat Pipes
 - Printed Circuit Boards (PCB)
 - Extended Library Features
 - Improved Fan Functionality

","",jekim,2010-12-28 00:00:00.000,2011-02-22 00:00:00.000,jekim
"2D9E119C24A83A4986F6A92489E69B86","13. 3DEXPERIENCE Platform","",FGM,Durability and Mechanics Engineer,"","0.0000","0.0000","30780000.0000","","",ksehee,2022-01-18 00:00:00.000,2022-02-28 00:00:00.000,kimhj
"2DF614B083D12E4980CCBC6038B309CC","12.전략제품(보안)",ESTSoft,SecureDISK,SecureDISK CAD(10user),user,"0.0000","0.0000","11000000.0000","  - 데몬		
    - 인증 및 운영용 데몬		
    - 파일 서버 제어용 데몬		
  - 문서		
    - Database Layout		
    - 관리자용 매뉴얼		
    - 설치 및 Setting","",sjh,2014-07-14 00:00:00.000,2014-07-14 00:00:00.000,sjh
"2E372677301C2A4AA0EA29E4F52BDE1D","12.전략제품(보안)",Mirageworks,MirageWorks,MirageWorks Control Center(MCC),"","0.0000","0.0000","24000000.0000","- 1 Server License
- 유지보수 금액은 도입가의 15%","",admin,2014-02-05 00:00:00.000,2014-02-06 00:00:00.000,ktkim
"2E4A5064FB618248AAFA6D8AFC90314D","01.SolidWorks 관련","","",SOLIDWORKS Premium Term 1year,"","0.0000","0.0000","0.0000","","",dnlee,2023-01-18 00:00:00.000,2023-01-18 00:00:00.000,dnlee
"2E892D7B03A13F44A461A9A0618F1E46","00.Subscription Service","",SOLIDWORKS PDM Standard Viewer Subscription,SOLIDWORKS PDM Standard Viewer Subscription,"","0.0000","0.0000","1200000.0000","","",intia,2016-03-25 00:00:00.000,2016-03-25 00:00:00.000,intia
"2E8998478DEC38439F50202D5B377519","12.전략제품(보안)",대만,ESDS S12F,ESDS S12F DAS,system,"8500000.0000","0.0000","0.0000"," Controller : Single Controller 
 Disk Bay : 12Bay ( MAX : 84Bay ) 
 HDD : 8ea ( 2TB SATA * 8 ) 
 Memory : 4GB 
 Interface : 8Gb FC * 4ea 
 Power Supply : Two Redundant  
 Form factor : 2U , 19inch 
 RAID Level : 0,1,3,5,6,10,30,50,60 
 Local Replication : SnapShot , Volum Mirror / Copy 
 Management : Embedded RAID Watch 
 Notification : Mail , Fax , LAN Broadcast  
OS Support : Windows Server 2003/2008/2008 R2
                   2012/ 2012 R2/ Hyper-V /Rad Hat
                   SUSE / AIX / Vmware /Citrix
",Direct Attach Storage - DAS,ktkim,2014-05-09 00:00:00.000,2014-05-09 00:00:00.000,ktkim
"2EED5BBEBBA5B143A41505E9A6FBB089","12.전략제품(보안)",CSON,인건비,개발,"","0.0000","0.0000","12000000.0000",- 구축 범위 및 고객 요청에 의해 결정,"",ktkim,2014-03-18 00:00:00.000,2014-03-18 00:00:00.000,ktkim
"3116F82FC4071F4F898B69245494EABD","13. 3DEXPERIENCE Platform","",SEI,Simulation Collaborator,"","0.0000","0.0000","377400.0000",- 해석 결과 공유,"",ksehee,2022-01-18 00:00:00.000,2022-01-18 00:00:00.000,ksehee
"314443004EF76E458A4655352D7731A9","01.SolidWorks 관련",Dassault Systemes SolidWorks Corp.,SOLIDWORKS,SOLIDWORKS Premium,Seat,"0.0000","0.0000","20740000.0000"," - SOLIDWORKS Design Software (Part, Assembly, Drawing)
 - Sheetmetal Design Module (판금)
 - Surface Design Module (곡면 모델링)
 - SOLIDWORKSs Explorer
 - Flow XPress (유동의 흐름 Viewing)
 - DFM XPress (가공 시 에러 발생 부분 분석)
 - DriveWorks XPress (유사한 제품 시리즈 생성)
 - Physical Simulation and Animation (동영상 제작)
 - SOLIDWORKS eDrawings
 - SOLIDWORKS Utilities (데이타 비교)
 - FeatureWorks (작업 이력 생성)
 - 3D 파단도
 - 3D Instant Website (웹게시판)
 - SOLIDWORKS eDrawings Professional
 - SOLIDWORKS Toolbox (라이브러리)
 - PhotoView360 (실사 이미지 제작)
 - Task Scheduler (작업 스케줄러)
 - Design Checker (도면 비교 분석)
 - SOLIDWORKS PDM Standard (설계 데이터 관리 프로그램)
 - TolAnalyst (공차해석)
 - SOLIDWORKS ScadTo3D (3D 스캔data를 3D 파일로 변환)
 - SOLIDWORKS Visualize Standard (Rendering_이미지)
 - CircuitWorks (ECAD 데이타 호환)
 - Costing (제품 원가 계산)
 - SOLIDWORKS Motion (구동 해석)
 - SOLIDWORKS Simulation (설계자용 구조해석)
 - SOLIDWORKS Routing (파이프와 배선, 하네스 설계)
 - Sustainability
 - Assembly Costing (제품 원가 계산)
 - Surface 전개","",jhkim,2008-09-24 00:00:00.000,2019-08-19 00:00:00.000,ckjung
"31665ECA155873439CBB2D5464FB957B","04.HW 관련","",Interface,SX mini-GBIC,"","250000.0000","0.0000","1237000.0000","Mini-GBIC, SFP, 1000BaseSX, LC Connector, 550m 		transmission with 50/125 μm MMF and 275m 			transmission with 62.5/125 μm MMF													
","",misjid,2009-05-08 00:00:00.000,2009-05-18 00:00:00.000,misjid
"325582CE11612946B79618E5C51235C6","00.Subscription Service","SolidWorks Co., LTD.",SOLIDWORKS PDM,SOLIDWORKS PDM Professional CAD Editor Subscription Service,"","184.0000","0.0000","750000.0000"," - EPDM 제품은 SS 만료 시, 신규 구매를 해야 함.
 - 설치 매뉴얼 제공
 - 차기 버전 Upgrade 1회
 - On-Line 기술 지원 (전화 및 원격지원)
 - nodeDATA 교육 (1 Seat 당 1명 기준)
 - nodeDATA On-Line 교육(Webcast)
 - nodeDATA 세미나
 - nodeDATA 홈페이지 로열 회원 등급 부여
    - 기술 문서 및 동영상 열람
 - 최신 뉴스레터 제공
 - Disable Request Service(라이선스 재 활성)
 - DX TOOL 제공
 - SOLIDWORKS Customer Portal 이용 
    - Service Request / Enhancement Request / Knowledge Base
 - SOLIDWORKS Beta 체험 및 Awards
 - 계약기간 : 1년간 (2015.mm.dd ~ 2016.mm.dd)
 - 대상 S/N :","",admin,2011-06-09 00:00:00.000,2018-11-30 00:00:00.000,intia
"32EFCD438A0B564C8EF8A85E6FED0279","13. 3DEXPERIENCE Platform","",SSU,Structural Mechanics Engineer,"","0.0000","0.0000","24600000.0000","- Advanced Linear 해석
- 고유 진동 해석
- 정상 상태 열해석
- 선형 좌굴 해석
- 하모닉 해석
- 모달 동적 해석
- 비선형 정적 해석
- 비선형 동적 해석(Implicit)
- 비정상상태 열해석
- General Contact
- 비선형 동적 해석(Explicit)
- 비선형 좌굴 해석
- 임의 진동 해석
- Complex Frequency
- Sub-modeling","",admin,2020-10-15 00:00:00.000,2022-01-18 00:00:00.000,ksehee
"33B5090F8DC8714B9A262F45E2921EAB","02.해석 제품",Dassault Systemes SolidWorks Corp.,SolidWorks Plastics,Upgrade SOLIDWORKS Plastics Standard to SOLIDWORKS Plastics Premium,"","0.0000","0.0000","0.0000","*SOLIDWORKS Plastics Standard 기능 포함
[Simulation Capabilities]
 - 보압단계(두 번째 단계 사출)
 - 러너 균형 맞춤, 다중 게이트
 - 코인젝션, 다중샷
 - 인서트 오버몰딩
 - 보조가스, 섬유해석
 - 반응 사출 금형(RIM; 열경화성 수지)
 - 복굴절, 밸브 게이트 (순차 사출)
 - 냉각 라인 해석
 - 변형 해석
[Model Geometry]
 - 러너 설계 마법사, 핫 & 콜드 러너
 - 다중 캐비티 금형, 패밀리 금형
 - 냉각 라인, 배플 & 버블러,  형상 적응형 냉각 수로
 - 금형 인서트
[Results]
 - 싱크 마크 프로파일
 - 체적 추축
 - 파트 냉각 시간
 - 냉각 완료시 파트 온도
 - 냉각 완료시 금형 온도
 - 잔류 응력에 의한 변형
 - 자동 보고서 : MS office word, powerpoint, HTML
 - SOLIDWORKS SIMULATION Premium과 결과 호환","",jekim,2015-02-13 00:00:00.000,2015-02-13 00:00:00.000,jekim
"33B69AF2D7E5C44783D1782B007C78A7","04.HW 관련","",Interface,LX mini-GBIC,"","480000.0000","0.0000","2486000.0000","Mini-GBIC, SFP, 1000BaseLX, LC connector, 			10km~20km transmission with SMF and 550m 			transmission with MMF													
","",misjid,2009-05-08 00:00:00.000,2009-05-18 00:00:00.000,misjid
"3431D9B3110BC043B420DD79E3133A51","00.Subscription Service","",SOLIDWORKS Simulation Standard Subscription Servic,SOLIDWORKS Simulation Standard Subscription Servic,"","0.0000","0.0000","1609400.0000"," - 설치 매뉴얼 제공
 - 차기 버전 Upgrade 1회
 - On-Line 기술 지원 (전화 및 원격지원)
 - nodeDATA 교육 (1 Seat 당 1명 기준)
    - 쿠폰 2장 제공
 - nodeDATA On-Line 교육(Webcast)
 - nodeDATA 세미나
 - nodeDATA 홈페이지 로열 회원 등급 부여
    - 기술 문서 및 동영상 열람
 - 최신 뉴스레터 제공
 - Disable Request Service(라이선스 재 활성)
 - DX TOOL 제공
 - SOLIDWORKS Customer Portal 이용 
    - Service Request / Enhancement Request / Knowledge Base
 - SOLIDWORKS Beta 체험 및 Awards
 - 계약기간 : 1년간 (2015.mm.dd ~ 2016.mm.dd)
 - 대상 S/N :","",kylee,2015-10-27 00:00:00.000,2021-01-19 00:00:00.000,ksd2046
"350071B60FE76944A87496D5420E6D01","01.SolidWorks 관련",Trace Software International,elecworks core,elecworks core,License,"0.0000","0.0000","14000000.0000"," - 직관적인 전기 배선도 Software
 - 전기, PLC 배선도 자동화
 - 배선도 프로젝트 관리
 - 연관 배선도 양방향 업데이트
 - 전기, PLC 배선도 라이브러리 제공
 - single line 구성, diagram 작성
 - cable 구성 및 간편한 wire 속성확인 및 선택
 - cable 연결정보 확인, 변경정보 자동 Update
 - 구성 부품 BOM확인
","",chuls,2012-01-05 00:00:00.000,2012-01-05 00:00:00.000,chuls
"35506D434A902F4B8565A92AFEE5DBA6","09.제품관리","","",SolidWorks,"","0.0000","0.0000","0.0000","","",admin,2007-08-29 00:00:00.000,2007-09-03 00:00:00.000,jhkim
"3593F00C292C74409F73177B47E4A815","04.HW 관련",(주)로킷,H-700,"3DISON H-700","","0.0000","0.0000","0.0000","","",sjh,2014-12-04 00:00:00.000,2014-12-04 00:00:00.000,sjh
"3725C4DA703D6D41B46DDB14364789E4","13. 3DEXPERIENCE Platform","",WXD,"3D Creator","","0.0000","0.0000","2298000.0000","- 3D Creator
  xDesign
    Web상 3D Modeling Tool
    파라메트릭 모델링 기법","",admin,2020-10-15 00:00:00.000,2022-01-18 00:00:00.000,admin
"3769B0616CED2D4BB04E9897D5D2DCE1","08.기타","",L2 Switch,WS-C2960-48TC-L,"","3430000.0000","0.0000","0.0000","Catalyst 2960 48 10/100 + 2 T/SFP LAN Base Image
무상유지보수1년","",misjid,2009-05-29 00:00:00.000,2009-05-29 00:00:00.000,misjid
"378D7CC385D5BC46A68B976C15ACDEC2","08.기타",우진하이텍,UPS 장비,HITECH 1000 30K,"","8970000.0000","0.0000","0.0000","HITECH 1000 UPS
 30KVA 용량 
 입력 전압 : 단상 220V 
 출력 전압 : 단상 220V 
 On-Line Type 
 완전정형파 SINE WAVE 
 냉각 방식 : 강제 풍냉식 
 사용정격 : 100% 연속 사용 
 정류제어방식 : 고속 스위칭 방식 
 인버터 제어방식 : IGBT 고주파(20HZ)순시제어형  PWM 방식 
 ST/SW 절체방식 : 반도체에 의한 무순단 동기절체 방식 
 변압기 절연계급 : H종(복권 변압기) 
 입.출력 주파수 : 60Hz (0.5Hz 오차범위) 
 과전류과부하 보호기능 
 노이즈필터 써지 보호기능 내장 
 RUN TIME : 30분 

 MF 12V 100AH 16CELL(무보수밀폐형축전지) 

 설치 및 시운전(전기공사등 부대공사제외) 
","",misjid,2009-05-29 00:00:00.000,2009-05-29 00:00:00.000,misjid
"38F93398BD44704598C2D168EC1005E8","01.SolidWorks 관련","",SOLIDWORKS Professional - 1year,SOLIDWORKS Professional - 1year,"","0.0000","0.0000","5500000.0000","","",kylee,2017-02-23 00:00:00.000,2017-02-23 00:00:00.000,kylee
"3B66D7F737A3B34297B4D877FE4905F9","09.제품관리","","",SolidWorks Premium,"","0.0000","0.0000","0.0000","","",admin,2007-08-29 00:00:00.000,2008-11-03 00:00:00.000,mihwa
"3BB70E6548CA9B45A03DE5680AA85381","11.기타Software",Dasso System,CATIA,CAT(CATIA Team PLM),"","9548000.0000","0.0000","13080000.0000","CATIA 기본사양
- 기본 Surface 기능
- 기본 Solid 기능
- 도면작성 기능
- IGES 모듈 포함
- STEP 모듈 포함","",misjid,2010-01-25 00:00:00.000,2010-01-25 00:00:00.000,misjid
"3CAA48D70994B34DB4A92639E140735A","13. 3DEXPERIENCE Platform","",DRAA,"3DEXPERIENCE DraftSight Offer","","0.0000","0.0000","1770000.0000","- Collaborative Industry Innovator
   3D Markup
   Bookmark Editor
   Chage Action
   Collaborative Lifecycle
   Compare
   3D Space
   Issue 3D Review
   Issue Management
   Product Explorer
   Route Management
  
- Collaborative Business Innovator
   3D Dashboard
   3D Swym
   3D Drive
   3D Play
   3D Search and 6WTags

- Collaborative Designer for DraftSight
   Derived Format Converter
   3DEXPERIENCE Connector for DraftSight 

- 3DEXPERIENCE Draftsight
   도면 작업 및 수정
   DWG 설계 파일 보기, 공유, 마크업
   Revision 관리
   3DEXPERIENCE platform에서 최신 도면 액세스 및 공유
   단편적이고 반복적인 배포 감소","",admin,2020-10-13 00:00:00.000,2022-01-18 00:00:00.000,admin
"3CB2EEF4BDC65940BF3CDB727D2F883A","10.MS계열 제품군","",SOLID CAM (5축),SOLID CAM (5축),"","0.0000","0.0000","0.0000","","",hm.kim,2016-10-21 00:00:00.000,2016-10-21 00:00:00.000,hm.kim
"3DF6B27A224350408037048365351196","01.SolidWorks 관련","",SolidWorks Assembly Modeling 교재(영문),SolidWorks Assembly Modeling 교재(영문),권,"0.0000","0.0000","68000.0000","","",mchjung,2012-10-22 00:00:00.000,2012-10-22 00:00:00.000,mchjung
"3ED434AE1590CD40B0E2A904E359A61D","13. 3DEXPERIENCE Platform","",IFW,Collaborative Business Innovator,"","0.0000","0.0000","615600.0000","- 3D Dashboard
  업무 최적화를 위해 필요한 기능(app) 구성 가능
  실시간으로 다른 팀원들 진행 상황 모니터링
- 3D Swym
  공지사항 포스팅
  작업 지시
  기술 문서 공유 및 관리
- 3D Drive
  안전한 데이터 공유 가능
  링크 통해 외부 인원과 공유
  SOLIDWORKS 데이터를 통합하여 다이렉트로 오픈 가능
- 3D Play
  3D 모델 데이터 뷰어
  CAD 없이 웹 브라우저를 통하여 언제든지 접근 가능
  측정, 주석, 마크업 추가하여 상세한 리뷰 가능
- 3D Search and 6WTags
  데이터 특성에 따라 원하는 데이터를 쉽게 검색
",IFW,admin,2020-10-07 00:00:00.000,2020-10-13 00:00:00.000,admin
"3FECBC57B837FA43A67CF3D4E1B13B37","13. 3DEXPERIENCE Platform","",FMK,Fluid Dynamics Engineer,"","0.0000","0.0000","19200000.0000","- CAD-PLM Embedded CFD
- 내/외부 유동 해석 지원
- CFD 비전문가도 쉽게 활용(Guided User Interface)
- 정상상태 및 비정상 상태 유동
- 복합 열전달
- 벽 주변 층류 및 난류 해석
- 다공성 매체
- VOF를 적용한 자유 수면
- Fan을 이용한 강제 대류 
- Cloud 기반 데이터 운용
- HPC(Cloud computing)
- 10여개의 관련 앱 제공
- Surface triangle mesh, Surface quad mesh, Sweep 3D mehs, Hex-Mesh, Tetra-Mesh
- Local computing (8 core)
- Credit을 통한 Cloud computing 기능(별도 구매)
- 원격 컴퓨터 리소스를 통한 visualization
- 결과 리뷰를 위한 센서
- 등고선, 벡터, Iso surface polt등을 통한 결과 분석
- 해석 결과 그래프로 표시
- Envelop plot
- 결과 데이터 Excel로 내보기
- 요소 선택 기능
- 결과 조합기능
- 안전계수
- 동영상 내보내기
- 경로에 따른 결과 리뷰 및 Cut view
- 보고서 작성
- 결과 Display group 생성 및 관리
- 결과 비교 기능
- 3Dplay등 web 결과 리뷰","",admin,2020-10-15 00:00:00.000,2020-10-15 00:00:00.000,admin
"404809C074FFE545AC6038B4F23189B0","08.기타","",Rack,디포그통신랙1000,"","350000.0000","0.0000","0.0000","19"" H 1000","",misjid,2009-05-29 00:00:00.000,2009-05-29 00:00:00.000,misjid
"407942F0011CA1418F319BC32E1B39AE","04.HW 관련",HP,"HP 22"" Widescreen LCD Monitor",HP L2245wg 22-inch Widescreen LCD Monitor,"","320000.0000","0.0000","0.0000","","",shpark,2009-11-03 00:00:00.000,2009-11-03 00:00:00.000,shpark
"4328CAE413871E45894E24E5F2009363","00.Subscription Service","","",+++ SS 고객 선택 사항 별첨 +++,"","0.0000","0.0000","0.0000","","",ksehee,2015-02-24 00:00:00.000,2015-02-24 00:00:00.000,ksehee
"435803382178314CBA6FE43CA302A7AB","04.HW 관련",HP,"HP 19"" LCD Monitor","HP L1950 19"" LCD Monitor","","250000.0000","0.0000","0.0000","","",shpark,2009-11-03 00:00:00.000,2009-11-03 00:00:00.000,shpark
"43A1FB9ACE41A44CA98E9D974DFAD47D","05.PDMWorks Enterprise 관련","",SOLIDWORKS PDM Standard Contributor,SOLIDWORKS PDM Standard Contributor,"","0.0000","0.0000","1350000.0000","","",intia,2016-03-25 00:00:00.000,2016-03-25 00:00:00.000,intia
"43E0D56A07FF844ABD288EB1DE2F8B84","10.MS계열 제품군",마이크로소프트웨어,MS Office,Office Home and Business 2013 32-bit/x64 Korean Ko,BOX,"269000.0000","0.0000","0.0000","","",ktkim,2013-10-07 00:00:00.000,2013-10-07 00:00:00.000,ktkim
"4414D4CDAAF31F48BF19DAD560AB6E2B","00.Subscription Service","SolidWorks Co., LTD.",SOLIDWORKS Pre With Simulation Pro Subscription,SOLIDWORKS Premium With Simulation Professional Su,"","0.0000","0.0000","4840000.0000"," - 설치 매뉴얼 제공
 - 차기 버전 Upgrade 1회
 - On-Line 기술 지원 (전화 및 원격지원)
 - nodeDATA 교육 (1 Seat 당 1명 기준)
    - 쿠폰 2장 제공
 - nodeDATA On-Line 교육(Webcast)
 - nodeDATA 세미나
 - nodeDATA 홈페이지 로열 회원 등급 부여
    - 기술 문서 및 동영상 열람
 - 최신 뉴스레터 제공
 - Disable Request Service(라이선스 재 활성)
 - DX TOOL 제공
 - SOLIDWORKS Customer Portal 이용 
    - Service Request / Enhancement Request / Knowledge Base
 - SOLIDWORKS Beta 체험 및 Awards
 - 계약기간 : 1년간 (2015.mm.dd ~ 2016.mm.dd)
 - 대상 S/N :","",chuls,2012-11-23 00:00:00.000,2018-11-30 00:00:00.000,intia
"44C2C6BCCE56414E8B373BA6D5583B36","01.SolidWorks 관련",Dasso systems,"","3DVIA Composer V6R2013","","12000000.0000","16500000.0000","21500000.0000"," - 기술 도해
 - 분해도
 - 조립 지침서
 - 제조,공정 지침서
 - 현장 서비스 메뉴얼
 - 현장 서비스 가이드 
 - 제품 및 웹 카달로그
 - 마케팅 자료

 - 교육 1일 포함","",misjid,2010-05-19 00:00:00.000,2013-03-18 00:00:00.000,ksllkd
"45ED53F82F89FC47B67FAEF92C6B9FE8","02.해석 제품",Dassault Systemes SolidWorks Corp.,SolidWorks Simulation Premium: Nonlinear 교재 (영,SolidWorks Simulation Premium: Nonlinear 교재 (영문),"","0.0000","0.0000","50000.0000"," Introduction, Lesson1. Large Displacement Analysis, Lesson2. Incremental Control Techniques, Lesson3. Nonlinear Static Buckling Analysis, Lesson4. Plastic Deformation, Lesson5. Harening Rules, Lesson6. Analysis of Elastomers, Lesson7. Nonlinear Contact Analysis, Lesson8. Metal Forming, Appendix A. True and Engineering Stress and Strain","",shpark,2010-12-09 00:00:00.000,2015-02-05 00:00:00.000,admin
"4608D992165B914D9206D639FE72C0AB","09.제품관리","",Flow Simulation,SOLIDWORKS Flow Simulation 2016 Standalone,"","0.0000","0.0000","0.0000","","",ksllkd,2015-10-13 00:00:00.000,2016-04-27 00:00:00.000,ksllkd
"47C045A347C2F54B8E17735282BE0920","01.SolidWorks 관련","",SOLIDWORKS Standard Term License,SOLIDWORKS Standard Term License-1 year,"","0.0000","0.0000","0.0000","","",ksllkd,2018-07-13 00:00:00.000,2024-02-06 00:00:00.000,kimhj
"4A45A9F10BA4B64AA4891BA75D3320AF","04.HW 관련",HP,HP 8600,HP xw8600,set,"4909000.0000","5500000.0000","18877000.0000","RV726AV HPxw8600 Workstation
GL535AV HPxw8600 800W 80 Efficient Chassis(필수)
GR532AV#AB1 Microsoft Vista 32B Downrade to XP32B OS
GW521AV Intel Xeon 5450 3.00 12M/1333 QC 1st CPU
GL537AV#AB1 HP xw8600 Localization Kit
Gl657AV NVIDIA Quadro FX4600 768MB PCle Graphics
GL641AV HP 4GB(2*2GB) DDR2-667 ECC FBD RAM
GL614AV HP 146GB SAS 3Gb/s 15K HDD 1st
GL653AV HP 16X DVD -RW SuperMulti SATA 1st Drive
GL648AV Floppy Dick Drive
GL676AV HP USB Optical Scroll Mouse
GL689AV#AB1 HP USB Standard Keyboard","",misjid,2008-03-24 00:00:00.000,2008-03-24 00:00:00.000,misjid
"4A6BEB330108D64899FE288E334E7208","08.기타","",ND-300S,CD영상등록기(ND-300S),"","0.0000","0.0000","0.0000","","",wsshin,2017-11-27 00:00:00.000,2017-11-27 00:00:00.000,wsshin
"4AE2C6F8021906488413221722113A3A","04.HW 관련","",UTM,Juniper FireWall SSG-550M-SH,"","15000000.0000","0.0000","20000000.0000","SSG 550M System, 1GB DRAM,(4Port 10/100M)","",misjid,2009-05-08 00:00:00.000,2009-05-18 00:00:00.000,misjid
"4B96240224E2A34DAA55A97608C4AF0E","12.전략제품(보안)",IZEX,NETHELPER_SEPACK,NETHELPER 보안관리 PACK,"","45000.0000","0.0000","80000.0000","보안관리 (매체보안, 시스템보안, 네트워크보안, 문서보안 )
패치관리 (Windows패치,Office패치)
프린트관리 (토너절약, 워터마크)
장애관리 (원격관리, 장애관리)
설치유도관리 (AIMS)
IP관리, Agent관리, 환경관","",admin,2014-02-05 00:00:00.000,2014-03-11 00:00:00.000,ktkim
"4BA4402ED86CB34DBE332F22EAEA645E","08.기타",CISCO,L3 Switch,CON-SNT-3560GTS,"","172000.0000","0.0000","0.0000",무상유지보수1년,"",misjid,2009-05-29 00:00:00.000,2009-05-29 00:00:00.000,misjid
"4C5F33BA971AD44F83E8E78E71275F7C","07.SolidWorks 교육관련",노드데이타,SOLIDWORKS Electrical Consulting,SOLIDWORKS Electrical Consulting,"","0.0000","0.0000","0.0000","","",kwlee,2014-07-10 00:00:00.000,2014-07-10 00:00:00.000,kwlee
"4C65FD4B8ED82F4CB6499BA183D543A2","08.기타",Camnetic,"",GearTeq,"","0.0000","0.0000","0.0000","","",ckjung,2017-11-10 00:00:00.000,2017-11-10 00:00:00.000,ckjung
"4CB372DE00703949A085BB9368F8D318","10.MS계열 제품군",MicroSoft,Office,Office Standard Single OLV,"","691200.0000","0.0000","769500.0000","3년간 납부
3년 완납후 MA 비용 : 119,300원/년간","",misjid,2009-07-06 00:00:00.000,2009-07-06 00:00:00.000,misjid
"4D28CF8B1501654D9F9F6C5A246740B2","09.제품관리","","",SolidWorks Flow Simulation,"","0.0000","0.0000","0.0000","","",admin,2007-08-29 00:00:00.000,2008-11-03 00:00:00.000,mihwa
"4E07E3FF61EA404B90A1EE270B5CE579","05.PDMWorks Enterprise 관련","",Exalead - One Part,Exalead - One Part,"","0.0000","0.0000","0.0000","","",intia,2018-10-31 00:00:00.000,2018-10-31 00:00:00.000,intia
"4E3DEA7B2A54724CAF24FB8409FC7A3E","","","",GRADIUS DLP SERVER- GM300(200user),"","0.0000","0.0000","11688300.0000","- CPU : Intel Q/C CPU * 1EA
- Memory : 16GB 메모리
- HDD : 6TB
- Controller : 내장형 RAID 컨트롤러
- ODD : DVD ROM, SATA, 내장
- 전원이중화
- OS : Microsoft® Windows Server® 2008 R2 for Embedded Systems Essentials Standard (1-4 CPU)
- DBMS : Microsoft® SQL Server® 2008 R2 for Embedded Systems Standard (1 CPU)","",sjh,2014-12-26 00:00:00.000,2014-12-26 00:00:00.000,sjh
"4FEC1FD5EF3C8241ACC2BCB31619B1AC","00.Subscription Service","","",SOLIDWORKS Upgrade Media Kit,"","0.0000","0.0000","30000.0000", - 서비스팩 설치 DVD,"",admin,2015-01-28 00:00:00.000,2015-01-28 00:00:00.000,admin
"512D176B2DD12E4F9B072E0DCC73E613","02.해석 제품",Dassault Systemes SolidWorks Corp.,SolidWorks Plastics,Upgrade SOLIDWORKS Plastics Professional to SOLIDWORKS Plastics Premium,"","0.0000","0.0000","0.0000","*SOLIDWORKS Plastics Professional 기능 포함
[Simulation Capabilities]
 - 냉각 라인 해석
 - 형상 적응형 냉각 해석
 - 변형 해석
[Model Geometry]
 - 냉각 라인
 - 배플 & 버블러
 - 형상 적응형 냉각 수로
 - 금형 인서트
[Results]
 - 파트 냉각 시간
 - 냉각 완료시 파트 온도
 - 냉각 완료시 금형 온도
 - 잔류 응력에 의한 변형
 - SOLIDWORKS Simulation Premium과 결과 호환","",jekim,2015-02-13 00:00:00.000,2015-02-13 00:00:00.000,jekim
"51B20167B4CA88439B76D82FD529B170","01.SolidWorks 관련",Trace Software International,SOLIDWORKS Electrical Schematic,SOLIDWORKS Electrical Schematic,License,"0.0000","0.0000","13056000.0000","- SOLIDWORKS Electrical 2D 
 - 직관적인 전기 배선도 Software
 - 전기, PLC 배선도 자동화
 - 배선도 프로젝트 관리
 - 연관 배선도 양방향 업데이트
 - 전기, PLC 배선도 라이브러리 제공
 - single line 구성, diagram 작성
 - cable 구성 및 간편한 wire 속성확인 및 선택
 - cable 연결정보 확인, 변경정보 자동 Update
 - 구성 부품 BOM확인
 - 교육 1일 포함
 - 라이브러리 구축 시 DATA Sheet 필요(고객이 제공 해 주어야 함) : 50개의 부품 무상 구축","",jmlee,2012-12-28 00:00:00.000,2016-09-21 00:00:00.000,kylee
"51C6D8DC5FD4AA4294873A37E4C694FF","04.HW 관련",WD,WD RED 1TB HDD,WD RED 1TB HDD,"","0.0000","90000.0000","100000.0000",WD 3.5 inch SATAIII 5400RPM 64M NAS HDD,"",sjh,2014-07-29 00:00:00.000,2014-07-29 00:00:00.000,sjh
"524D277E8DA74145B4FFD4C3A26EB45E","13. 3DEXPERIENCE Platform","",PAU,"3D Product Architect","","0.0000","0.0000","1770000.0000","- 3D Annoation Insight
   3D Tolerancing & Annotation에서 생성된 주석에 쉽게 액세스
   주석과 지오메트리 사이의 교차 강조 표시
- Product Structure Editor
   Top-Down 설계 방법론 구현
   상세 기구 설계 전 제품 구조 구성
   기존 부품 검색을 통한 데이터 재활용
   Web상에서 신규 어셈블리/파트/도면 생성
- 3D Compose
   모델 구조 탐색
   교차 강조 표시를 통하여 선택한 객체 시각화","",admin,2020-10-15 00:00:00.000,2022-01-18 00:00:00.000,admin
"52758061CCBACE4A996F9E5E3682007D","12.전략제품(보안)",이스트소프트,시큐어디스크,[시큐어디스크] 기업용 솔루션(400 User license),"","0.0000","0.0000","114000000.0000","","",sjh,2014-08-12 00:00:00.000,2014-08-12 00:00:00.000,sjh
"52BC4C04EB3D274AB500FC990D3A50B2","04.HW 관련",HP,WorkStation,HP WorkStation Z800,"","7190000.0000","0.0000","30259000.0000","HP Z800 Workstation			
HP Air Cooling Solution			
HP Z800 850W 85% Efficient Chassis			
Microsoft Vista64B Downgrade to XP64B OS			
HP 1x Standard Heatsink Thermal Kit			
Intel Xeon X5550 2.66 8MB/1333 QC CPU-1			
HP Z800 Localization Kit			
NVIDIA Quadro FX4800 1.5GB PCIe Graphics			
HP 8GB (4x2GB) DDR3-1333 ECC 1-CPU RAM			
HP 146GB SAS 15K 1st HDD			
HP 300GB SAS 15K 2nd HDD			
HP 16X DVD -RW SuperMulti SATA 1st Drive			
HP 1.44MB Floppy Disk Drive			
HP USB Optical Scroll Mouse			
HP USB Standard Keyboard			
HP L1950 19"" LCD Monitor			
HP L2245wg 22-inch Widescreen LCD Monitor			
","",misjid,2009-07-15 00:00:00.000,2009-12-14 00:00:00.000,misjid
"530943178F9D884EB81D2F7CFE99A7F4","00.Subscription Service",SOLIDWORKS Professional Subscription Service 3년,"",SOLIDWORKS Professional Subscription Service 3년,"","0.0000","0.0000","7200000.0000","","",kylee,2017-10-11 00:00:00.000,2017-10-11 00:00:00.000,kylee
"54047DF32E0A914CA8AB20485B0A5275","08.기타","",L2 Switch,CON-SNT-C29604TC,"","157000.0000","0.0000","0.0000",무상유지보수1년,"",misjid,2009-05-29 00:00:00.000,2009-05-29 00:00:00.000,misjid
"54346B3A125C1547B47F87A8F18783C4","13. 3DEXPERIENCE Platform","",XEN,Product Release Engineer,"","0.0000","0.0000","1098000.0000","- Engineering Release
   제품의 명확한 정의를 위한 EBOM 편집 및 구성
   신규 부품 추가, 수량 편집 등 엔지니어링 제품 관리
   회사 표준에 따라 엔지니어링 아이템에 대한 부품 번호 지정
   회사 표준 프로세스에 따른 변경 관리
   변경 프로세스와 3D 데이터 간 Link
   승인권자, 승인날짜, 변경 내용 확인
   데이터 Maturity 관리
   Data 소유권 할당
   3D Play를 통하여 선택 부품 Cross-Highlight
   6W Tag를 통한 데이터 검색","",admin,2020-10-15 00:00:00.000,2020-10-15 00:00:00.000,admin
"54F64E5C883DA84E898A0EB8C75856B6","08.기타",이하여백,이하여백,------   이   하   여   백   ------,"","0.0000","0.0000","0.0000","","",shpark,2009-11-03 00:00:00.000,2012-02-20 00:00:00.000,shpark
"55709DA029E23949B83C0064C61055D9","04.HW 관련",Synology,Diskstation DS 412 Plus,Synology Diskstation DS 412 Plus,"","850000.0000","850000.0000","1000000.0000","","",sjh,2014-07-29 00:00:00.000,2014-07-29 00:00:00.000,sjh
"55897F195773A84BA7C939744003702B","09.제품관리","","",SOLIDWORKS Office,"","0.0000","0.0000","0.0000","","",admin,2007-08-29 00:00:00.000,2016-07-06 00:00:00.000,ckjung
"55C91425C7685B4F88B765447FCCB38D","04.HW 관련",HP,ML350(타워형서버),ML350G10,"","13652000.0000","0.0000","0.0000","* ML350G10 G-6134 3.2GHz 1P 8Core*1. 
  32GB. M.2 SSD 480GB*2. SAS 4TB 7.2K*5. 
  4P 1G Onboard. DVDRW(외장). 전원이중화. 
  3Y FC. WIN OS포함
  Microsoft Windows Server 2019 5 Devices CAL","",kimhj,2019-07-05 00:00:00.000,2019-07-05 00:00:00.000,kimhj
"57763B9E9BA1BA47ADA2F4265C297012","12.전략제품(보안)",ESTSoft,SecureDISK,SecureDISK CAD,user,"0.0000","0.0000","0.0000","보안대상
내부 업무 자료
- MS-Office, HWP, PDF, 등 업무 문서
기업 내 지적 자산
- 도면, 3D모델링 데이터, 디자인 콘텐츠 등
- AutoCAD, 포토샵 등 그래픽 (EPS, AI) 결과물

주요기능
자료유출 원천차단
- 개인PC 저장매체로 저장을 강제 차단
- 온라인 자료 첨부 차단
- 화면캡쳐, 문서 출력, 복사&붙이기 차단
문서중앙화
 모든 내부 문서를 중앙 파일서버로 통합 저장
 자료유실 차단 및 업무 연속성 보장
 원활한 지식 공유 및 협업 환경 제공
사용 친화성
- 친숙한 윈도우탐색기 인터페이스 환경
- 편리하고 효율적인 반출 프로세스 제공
"," 
 - 데몬		
    - 인증 및 운영용 데몬		
    - 파일 서버 제어용 데몬		
  - 문서		
    - Database Layout		
    - 관리자용 매뉴얼		
    - 설치 및 Setting",ktkim,2013-11-25 00:00:00.000,2014-07-16 00:00:00.000,ktkim
"586EC55506A9334BB84B83FB66BF3A2F","","","",- GRADIUS Manager S/W,"","0.0000","0.0000","15000000.0000","","",sjh,2014-12-26 00:00:00.000,2014-12-26 00:00:00.000,sjh
"5A3317A14C598545AD23F24D57F076D1","01.SolidWorks 관련","","",SOLIDWORKS Standard withCloud Services,"","0.0000","0.0000","0.0000","","",wjsdydtnr5,2023-10-12 00:00:00.000,2023-10-12 00:00:00.000,wjsdydtnr5
"5AA0E48E0FCF60468D234A7580B74F0F","02.해석 제품","SolidWorks Co., LTD.",SOLIDWORKS Sustainability,SOLIDWORKS Sustainability,"","0.0000","0.0000","4950000.0000","환경 영향 대시보드와 주요 지표
PE International의 GaBi LCA 환경 데이터베이스
SolidWorks 인터페이스와 완벽하게 통합
파트의 환경 영향 예상
유사 재질 찾기 선택 도구
사용자 정의 가능 보고서
설계 결정을 비교하기 위한 기준선 설정
기준선 비교 보고서
새로운 재료 및 프로세스를 위한 GaBi 데이터베이스 업데이트
새로운 재료 및 프로세스 요청
제조 프로세스 입력 보기
운송 모드 및 거리 입력 보기
재활용 함유율 보기
수명 종료 입력 보기
재료 및 프로세스 요청에 대해 우선 순위 지원
제조 프로세스 입력 수정 가능
운송 모드 및 거리 입력 수정 가능
재활용 함유율 수정 가능
수명 종료 입력 수정 가능
제품 수명 설명
시간 기준 환경 평가 수행
어셈블리의 환경 영향 예상
SolidWorks 설정 지원
""사용 단계"" 에너지 입력
가장 영향이 큰 부품을 BOM에 포함한 보고서
어셈블리 시각화 지원
원재료 재무 영향 비교","",kwlee,2014-07-10 00:00:00.000,2015-02-05 00:00:00.000,admin
"5B99A65D75AD1941A0A1D30A057A6258","13. 3DEXPERIENCE Platform","",WKLX,Learning Experiences for 3DEXPERIENCE WORKS,"","0.0000","0.0000","213600.0000","- 3DEXPERIENCE EDU Space 
  - 온라인 교육 Tutorial","",ksehee,2022-01-18 00:00:00.000,2022-01-18 00:00:00.000,ksehee
"5BA17FCDCFFDD5428E4ADF5F460A947D","13. 3DEXPERIENCE Platform","",SW3,"3DEXPERIENCE SOLIDWORKS Premium Package","","0.0000","0.0000","8280000.0000","- SOLIDWORKS Connected
    Proffesional기능 + 추가 기능
    곡면 전개
    배관 및 배선 (Routing)

- 3D Creator
  xDesign
    Web상 3D Modeling Tool
    파라메트릭 모델링 기법

- 3D Sculptor
   xShape
    서브디비전 모델링 기법
    복잡한 곡면 설계 가능
    산업 디자인용 색상표 이용하여 다양한 색상 정의

- Linear Static Analysis
- Time Based Motion Simulation
- Part, Assembly 시뮬레이션
- 분산 및 집중 질량
- Solid, Shell, Beam 및 Truss Mesh
- 합력 및 부품 변위 플롯
- Von-Mises 응력, 주응력, 부품 응력 플롯
- 주요 변형, 부품 변형, 변형 에너지 밀도 플롯
- 다축 응력 하중 기반 볼트 및 핀 하중 계산
- 모션해석결과 산출","",ksehee,2022-01-18 00:00:00.000,2022-01-18 00:00:00.000,ksehee
"5BBB9D973BC2D54ABD3145F4320AF93B","12.전략제품(보안)",Quorum,Quorum Backup onQ,onQ-T20,"","13920000.0000","0.0000","21000000.0000","Tower Appliance, 4 CPU Cores, 16 GB RAM, 2.8 TB Usable Storage. Includes license for unlimited servers.  Supports a maximum of 1.2 TB customer data. Recommeded for up to 2 fiilovers","",ktkim,2014-04-10 00:00:00.000,2014-09-26 00:00:00.000,sjh
"5C3952174F168741A985EE536C1D5769","06.AutoCAD 관련","",AutoCAD Mechanical 2012 KO DVD - Sub 미포함,AutoCAD Mechanical 2012 KO DVD - Sub 미포함,"","3800000.0000","0.0000","5302000.0000","- AutoCAD 2012
- 700,000개의 표준 부품과 피처
- 제조용으로 확장된 도구 모음
- 국제 제도 표준의 지원
- 연관된 품번기호 및 재료명세서(BOM)","",shpark,2010-09-07 00:00:00.000,2012-01-04 00:00:00.000,shpark
"5C4268AE7CD7324FAB34DE2CE40C50EA","13. 3DEXPERIENCE Platform","SolidWorks Co., LTD.",UDT,Collaborative Designer for Altium Designer,"","0.0000","0.0000","0.0000","","",kimhj,2023-07-04 00:00:00.000,2023-07-04 00:00:00.000,kimhj